agent_id,display_name,provider,description,niche_guess,declared_a2a_endpoint,agent_card_url,card_location_type,protocol_version,agent_version,skill_count,skill_names,capabilities,auth_required,verification_status,verification_evidence,discovery_source,discovery_date,notes
"pet-care-ai-mcp","pet-care-ai-mcp","MEOK AI Labs","Pet Care Ai MCP Server by MEOK AI Labs","HomeFamily/pet-care","https://proofof.ai/scorecard/pet-care-ai-mcp.html","https://raw.githubusercontent.com/CSOAI-ORG/pet-care-ai-mcp/main/.well-known/agent.json","live_well_known","0.2.0","1.0.6","5","Generate Feeding Schedule; Track Vaccinations; Identify Breed; Check Health Symptoms; Get Training Recommendations","","none","verified_live_card","Repo card + live well-known confirmed at https://proofof.ai/.well-known/agent.json","CSOAI-ORG GitHub / MEOK AI Labs","2026-06-11","CSOAI-ORG / pet-care-ai-mcp"
"recipe-finder-ai-mcp","recipe-finder-ai-mcp","MEOK AI Labs","Recipe Finder Ai MCP Server by MEOK AI Labs","FoodDining/cooking-assistant","https://proofof.ai/scorecard/recipe-finder-ai-mcp.html","https://raw.githubusercontent.com/CSOAI-ORG/recipe-finder-ai-mcp/main/.well-known/agent.json","live_well_known","0.2.0","1.0.6","4","Find Recipe; Substitute Ingredient; Plan Weekly Meals; Estimate Nutrition","","none","verified_live_card","Repo card + live well-known confirmed at https://proofof.ai/.well-known/agent.json","CSOAI-ORG GitHub / MEOK AI Labs","2026-06-11","CSOAI-ORG / recipe-finder-ai-mcp"
"restaurant-ai-mcp","restaurant-ai-mcp","MEOK AI Labs","Restaurant Ai MCP Server by MEOK AI Labs","FoodDining/cooking-assistant","https://proofof.ai/scorecard/restaurant-ai-mcp.html","https://raw.githubusercontent.com/CSOAI-ORG/restaurant-ai-mcp/main/.well-known/agent.json","live_well_known","0.2.0","1.0.4","5","Optimize Menu; Calculate Food Cost; Manage Reservation; Analyze Reviews; Check Allergens","","none","verified_live_card","Repo card + live well-known confirmed at https://proofof.ai/.well-known/agent.json","CSOAI-ORG GitHub / MEOK AI Labs","2026-06-11","CSOAI-ORG / restaurant-ai-mcp"
"personal-finance-ai-mcp","personal-finance-ai-mcp","MEOK AI Labs","Personal Finance Ai MCP Server by MEOK AI Labs","PersonalFinance/budgeting","https://proofof.ai/scorecard/personal-finance-ai-mcp.html","https://raw.githubusercontent.com/CSOAI-ORG/personal-finance-ai-mcp/main/.well-known/agent.json","live_well_known","0.2.0","1.0.6","5","Track Budget; Calculate Savings; Plan Debt Payoff; Analyze Investment; Estimate Tax","","none","verified_live_card","Repo card + live well-known confirmed at https://proofof.ai/.well-known/agent.json","CSOAI-ORG GitHub / MEOK AI Labs","2026-06-11","CSOAI-ORG / personal-finance-ai-mcp"
"workout-planner-ai-mcp","workout-planner-ai-mcp","MEOK AI Labs","MCP server for workout planner ai. Features create workout, track progress, suggest exercises. From","SportsOutdoors/workout-plans","https://proofof.ai/scorecard/workout-planner-ai-mcp.html","https://raw.githubusercontent.com/CSOAI-ORG/workout-planner-ai-mcp/main/.well-known/agent.json","live_well_known","0.2.0","1.0.4","4","Create Workout; Track Progress; Suggest Exercises; Calculate Volume","","none","verified_live_card","Repo card + live well-known confirmed at https://proofof.ai/.well-known/agent.json","CSOAI-ORG GitHub / MEOK AI Labs","2026-06-11","CSOAI-ORG / workout-planner-ai-mcp"
"sleep-tracker-ai-mcp","sleep-tracker-ai-mcp","MEOK AI Labs","Sleep Tracker Ai MCP Server by MEOK AI Labs","HealthWellness/sleep-coaching","https://proofof.ai/scorecard/sleep-tracker-ai-mcp.html","https://raw.githubusercontent.com/CSOAI-ORG/sleep-tracker-ai-mcp/main/.well-known/agent.json","live_well_known","0.2.0","1.0.6","4","Log Sleep; Get Sleep Stats; Analyze Patterns; Get Recommendations","","none","verified_live_card","Repo card + live well-known confirmed at https://proofof.ai/.well-known/agent.json","CSOAI-ORG GitHub / MEOK AI Labs","2026-06-11","CSOAI-ORG / sleep-tracker-ai-mcp"
"habit-tracker-ai-mcp","habit-tracker-ai-mcp","MEOK AI Labs","Habit Tracker Ai MCP Server by MEOK AI Labs","ProductivityPersonal/habit-tracking","https://proofof.ai/scorecard/habit-tracker-ai-mcp.html","https://raw.githubusercontent.com/CSOAI-ORG/habit-tracker-ai-mcp/main/.well-known/agent.json","live_well_known","0.2.0","1.0.6","7","Create Habit; Log Completion; Get Habit Streak; Get Habit History; Get All Habits; Delete Habit; Get Weekly Stats","","none","verified_live_card","Repo card + live well-known confirmed at https://proofof.ai/.well-known/agent.json","CSOAI-ORG GitHub / MEOK AI Labs","2026-06-11","CSOAI-ORG / habit-tracker-ai-mcp"
"expense-tracker-ai-mcp","expense-tracker-ai-mcp","MEOK AI Labs","Expense Tracker Ai MCP Server by MEOK AI Labs","HomeFamily/pet-care","https://proofof.ai/scorecard/expense-tracker-ai-mcp.html","https://raw.githubusercontent.com/CSOAI-ORG/expense-tracker-ai-mcp/main/.well-known/agent.json","live_well_known","0.2.0","1.0.6","7","Add Expense; Get Expenses; Set Budget; Get Budget Status; Get Category Summary; Get Monthly Summary; Delete Expense","","none","verified_live_card","Repo card + live well-known confirmed at https://proofof.ai/.well-known/agent.json","CSOAI-ORG GitHub / MEOK AI Labs","2026-06-11","CSOAI-ORG / expense-tracker-ai-mcp"
"flashcard-ai-mcp","flashcard-ai-mcp","MEOK AI Labs","Flashcard Ai MCP Server by MEOK AI Labs","EducationLearning/flashcard-generator","https://proofof.ai/scorecard/flashcard-ai-mcp.html","https://raw.githubusercontent.com/CSOAI-ORG/flashcard-ai-mcp/main/.well-known/agent.json","live_well_known","0.2.0","1.0.6","4","Create Deck; Add Card; Quiz Session; Get Stats","","none","verified_live_card","Repo card + live well-known confirmed at https://proofof.ai/.well-known/agent.json","CSOAI-ORG GitHub / MEOK AI Labs","2026-06-11","CSOAI-ORG / flashcard-ai-mcp"
"fitness-ai-mcp","fitness-ai-mcp","MEOK AI Labs","Fitness Ai MCP Server by MEOK AI Labs","SportsOutdoors/workout-plans","https://proofof.ai/scorecard/fitness-ai-mcp.html","https://raw.githubusercontent.com/CSOAI-ORG/fitness-ai-mcp/main/.well-known/agent.json","live_well_known","0.2.0","1.0.6","5","Generate Workout; Track Calories; Calculate Body Composition; Build Training Plan; Check Exercise Form","","none","verified_live_card","Repo card + live well-known confirmed at https://proofof.ai/.well-known/agent.json","CSOAI-ORG GitHub / MEOK AI Labs","2026-06-11","CSOAI-ORG / fitness-ai-mcp"
"education-ai-mcp","education-ai-mcp","MEOK AI Labs","Education Ai MCP Server by MEOK AI Labs","HomeFamily/pet-care","https://proofof.ai/scorecard/education-ai-mcp.html","https://raw.githubusercontent.com/CSOAI-ORG/education-ai-mcp/main/.well-known/agent.json","live_well_known","0.2.0","1.0.6","5","Generate Lesson Plan; Create Quiz; Analyze Student Progress; Recommend Learning Path; Generate Rubric","","none","verified_live_card","Repo card + live well-known confirmed at https://proofof.ai/.well-known/agent.json","CSOAI-ORG GitHub / MEOK AI Labs","2026-06-11","CSOAI-ORG / education-ai-mcp"
"event-planning-ai-mcp","event-planning-ai-mcp","MEOK AI Labs","Event Planning Ai MCP Server by MEOK AI Labs","HomeFamily/pet-care","https://proofof.ai/scorecard/event-planning-ai-mcp.html","https://raw.githubusercontent.com/CSOAI-ORG/event-planning-ai-mcp/main/.well-known/agent.json","live_well_known","0.2.0","1.0.6","5","Calculate Venue Capacity; Plan Budget; Optimize Schedule; Manage Guest List; Estimate Catering","","none","verified_live_card","Repo card + live well-known confirmed at https://proofof.ai/.well-known/agent.json","CSOAI-ORG GitHub / MEOK AI Labs","2026-06-11","CSOAI-ORG / event-planning-ai-mcp"
"flight-logger-mcp","flight-logger-mcp","MEOK AI Labs","Flight Logger MCP Server by MEOK AI Labs","TravelHospitality/itinerary-planning","https://proofof.ai/scorecard/flight-logger-mcp.html","https://raw.githubusercontent.com/CSOAI-ORG/flight-logger-mcp/main/.well-known/agent.json","live_well_known","0.2.0","1.0.6","4","Log Flight; Flight Summary; Compliance Report; List Drones","","none","verified_live_card","Repo card + live well-known confirmed at https://proofof.ai/.well-known/agent.json","CSOAI-ORG GitHub / MEOK AI Labs","2026-06-11","CSOAI-ORG / flight-logger-mcp"
"gardening-ai-mcp","gardening-ai-mcp","MEOK AI Labs","Gardening Ai MCP Server by MEOK AI Labs","HomeFamily/gardening","https://proofof.ai/scorecard/gardening-ai-mcp.html","https://raw.githubusercontent.com/CSOAI-ORG/gardening-ai-mcp/main/.well-known/agent.json","live_well_known","0.2.0","1.0.6","5","Identify Plant; Generate Watering Schedule; Analyze Soil; Companion Planting; Diagnose Pest","","none","verified_live_card","Repo card + live well-known confirmed at https://proofof.ai/.well-known/agent.json","CSOAI-ORG GitHub / MEOK AI Labs","2026-06-11","CSOAI-ORG / gardening-ai-mcp"
"photography-ai-mcp","photography-ai-mcp","MEOK AI Labs","Photography Ai MCP Server by MEOK AI Labs","HomeFamily/pet-care","https://proofof.ai/scorecard/photography-ai-mcp.html","https://raw.githubusercontent.com/CSOAI-ORG/photography-ai-mcp/main/.well-known/agent.json","live_well_known","0.2.0","1.0.6","5","Analyze Exif; Map Photo Locations; Find Duplicates; Extract Color Palette; Edit Metadata","","none","verified_live_card","Repo card + live well-known confirmed at https://proofof.ai/.well-known/agent.json","CSOAI-ORG GitHub / MEOK AI Labs","2026-06-11","CSOAI-ORG / photography-ai-mcp"
"hydration-reminder-ai-mcp","hydration-reminder-ai-mcp","MEOK AI Labs","Hydration Reminder Ai MCP Server by MEOK AI Labs","HealthWellness/medication-reminders","https://proofof.ai/scorecard/hydration-reminder-ai-mcp.html","https://raw.githubusercontent.com/CSOAI-ORG/hydration-reminder-ai-mcp/main/.well-known/agent.json","live_well_known","0.2.0","1.0.6","4","Log Water Intake; Get Daily Hydration; Calculate Target; Get Hydration Tips","","none","verified_live_card","Repo card + live well-known confirmed at https://proofof.ai/.well-known/agent.json","CSOAI-ORG GitHub / MEOK AI Labs","2026-06-11","CSOAI-ORG / hydration-reminder-ai-mcp"
"focus-timer-ai-mcp","focus-timer-ai-mcp","MEOK AI Labs","Focus Timer Ai MCP Server by MEOK AI Labs","ProductivityPersonal/focus-pomodoro","https://proofof.ai/scorecard/focus-timer-ai-mcp.html","https://raw.githubusercontent.com/CSOAI-ORG/focus-timer-ai-mcp/main/.well-known/agent.json","live_well_known","0.2.0","1.0.7","8","Start Focus; Pause Focus; Resume Focus; End Focus; Get Sessions; Get Analytics; Update Settings; Start Break","","none","verified_live_card","Repo card + live well-known confirmed at https://proofof.ai/.well-known/agent.json","CSOAI-ORG GitHub / MEOK AI Labs","2026-06-11","CSOAI-ORG / focus-timer-ai-mcp"
"budget-planner-ai-mcp","budget-planner-ai-mcp","MEOK AI Labs","Budget Planner Ai MCP Server by MEOK AI Labs","HomeFamily/pet-care","https://proofof.ai/scorecard/budget-planner-ai-mcp.html","https://raw.githubusercontent.com/CSOAI-ORG/budget-planner-ai-mcp/main/.well-known/agent.json","live_well_known","0.2.0","1.0.6","13","Create Budget; Add Expense; Add Income; Get Budget Status; Get Transactions; Create Goal; Update Goal Progress; Get Goals; Get Analytics; Set Budget Alert; Get Category Spending; Transfer Funds; Rollover Unused","","none","verified_live_card","Repo card + live well-known confirmed at https://proofof.ai/.well-known/agent.json","CSOAI-ORG GitHub / MEOK AI Labs","2026-06-11","CSOAI-ORG / budget-planner-ai-mcp"
"tax-calculator-ai-mcp","tax-calculator-ai-mcp","MEOK AI Labs","AI-powered tax calculator ai MCP server for agents. Supports calculate income tax, calculate vat","PersonalFinance/tax-prep-assistant","https://proofof.ai/scorecard/tax-calculator-ai-mcp.html","https://raw.githubusercontent.com/CSOAI-ORG/tax-calculator-ai-mcp/main/.well-known/agent.json","live_well_known","0.2.0","1.0.4","5","Calculate Income Tax; Calculate Vat; Estimate Corporation Tax; Calculate Capital Gains; Get Tax Deadlines","","none","verified_live_card","Repo card + live well-known confirmed at https://proofof.ai/.well-known/agent.json","CSOAI-ORG GitHub / MEOK AI Labs","2026-06-11","CSOAI-ORG / tax-calculator-ai-mcp"
"weather-ai-mcp","weather-ai-mcp","MEOK AI Labs","Weather Ai tools for AI agents. Capabilities: get current conditions, get forecast, get historical","TravelHospitality/local-experiences","https://proofof.ai/scorecard/weather-ai-mcp.html","https://raw.githubusercontent.com/CSOAI-ORG/weather-ai-mcp/main/.well-known/agent.json","live_well_known","0.2.0","1.0.5","5","Get Current Conditions; Get Forecast; Get Historical Weather; Get Agricultural Alerts; Get Severe Weather Warnings","","none","verified_live_card","Repo card + live well-known confirmed at https://proofof.ai/.well-known/agent.json","CSOAI-ORG GitHub / MEOK AI Labs","2026-06-11","CSOAI-ORG / weather-ai-mcp"
"writing-assistant-ai-mcp","writing-assistant-ai-mcp","MEOK AI Labs","Writing Assistant Ai tools for AI agents. Capabilities: generate headlines, score readability","CreativeHobbies/creative-writing-hobby","https://proofof.ai/scorecard/writing-assistant-ai-mcp.html","https://raw.githubusercontent.com/CSOAI-ORG/writing-assistant-ai-mcp/main/.well-known/agent.json","live_well_known","0.2.0","1.0.5","5","Generate Headlines; Score Readability; Analyze Tone; Build Outline; Check Similarity","","none","verified_live_card","Repo card + live well-known confirmed at https://proofof.ai/.well-known/agent.json","CSOAI-ORG GitHub / MEOK AI Labs","2026-06-11","CSOAI-ORG / writing-assistant-ai-mcp"
"subscription-tracker-ai-mcp","subscription-tracker-ai-mcp","MEOK AI Labs","MCP server for subscription tracker ai. Features add subscription, get total spend, list","HomeFamily/pet-care","https://proofof.ai/scorecard/subscription-tracker-ai-mcp.html","https://raw.githubusercontent.com/CSOAI-ORG/subscription-tracker-ai-mcp/main/.well-known/agent.json","live_well_known","0.2.0","1.0.5","4","Add Subscription; Get Total Spend; List Subscriptions; Find Duplicates","","none","verified_live_card","Repo card + live well-known confirmed at https://proofof.ai/.well-known/agent.json","CSOAI-ORG GitHub / MEOK AI Labs","2026-06-11","CSOAI-ORG / subscription-tracker-ai-mcp"
"calendar-ai-mcp","calendar-ai-mcp","MEOK AI Labs","Calendar Ai MCP Server by MEOK AI Labs","SocialCommunity/event-planning-social","https://proofof.ai/scorecard/calendar-ai-mcp.html","https://raw.githubusercontent.com/CSOAI-ORG/calendar-ai-mcp/main/.well-known/agent.json","live_well_known","0.2.0","1.0.7","4","Create Event; Find Free Slot; Calculate Duration; Timezone Convert","","none","verified_live_card","Repo card + live well-known confirmed at https://proofof.ai/.well-known/agent.json","CSOAI-ORG GitHub / MEOK AI Labs","2026-06-11","CSOAI-ORG / calendar-ai-mcp"
"pomodoro-ai-mcp","pomodoro-ai-mcp","MEOK AI Labs","Pomodoro Ai MCP Server by MEOK AI Labs","ProductivityPersonal/focus-pomodoro","https://proofof.ai/scorecard/pomodoro-ai-mcp.html","https://raw.githubusercontent.com/CSOAI-ORG/pomodoro-ai-mcp/main/.well-known/agent.json","live_well_known","0.2.0","1.0.7","5","Start Session; Stop Session; Get Stats; Configure Timer; Get Productivity Report","","none","verified_live_card","Repo card + live well-known confirmed at https://proofof.ai/.well-known/agent.json","CSOAI-ORG GitHub / MEOK AI Labs","2026-06-11","CSOAI-ORG / pomodoro-ai-mcp"
"price-tracker-ai-mcp","price-tracker-ai-mcp","MEOK AI Labs","Price Tracker Ai MCP Server by MEOK AI Labs","ShoppingRetail/price-tracking","https://proofof.ai/scorecard/price-tracker-ai-mcp.html","https://raw.githubusercontent.com/CSOAI-ORG/price-tracker-ai-mcp/main/.well-known/agent.json","live_well_known","0.2.0","1.0.6","4","Track Price; Get Price History; Set Alert; Compare Prices","","none","verified_live_card","Repo card + live well-known confirmed at https://proofof.ai/.well-known/agent.json","CSOAI-ORG GitHub / MEOK AI Labs","2026-06-11","CSOAI-ORG / price-tracker-ai-mcp"
"real-estate-listing-mcp","real-estate-listing-mcp","MEOK AI Labs","Real Estate Listing MCP Server by MEOK AI Labs","RealEstate/listing-description","https://proofof.ai/scorecard/real-estate-listing-mcp.html","https://raw.githubusercontent.com/CSOAI-ORG/real-estate-listing-mcp/main/.well-known/agent.json","live_well_known","0.2.0","1.0.6","5","Estimate Valuation; Generate Listing; Find Comparable Sales; Calculate Mortgage; Analyze Neighborhood","","none","verified_live_card","Repo card + live well-known confirmed at https://proofof.ai/.well-known/agent.json","CSOAI-ORG GitHub / MEOK AI Labs","2026-06-11","CSOAI-ORG / real-estate-listing-mcp"
"currency-converter-ai-mcp","currency-converter-ai-mcp","MEOK AI Labs","Currency Converter Ai MCP Server by MEOK AI Labs","PersonalFinance/budgeting","https://proofof.ai/scorecard/currency-converter-ai-mcp.html","https://raw.githubusercontent.com/CSOAI-ORG/currency-converter-ai-mcp/main/.well-known/agent.json","live_well_known","0.2.0","1.0.6","12","Convert Currency; Batch Convert; Get Rate; Get All Rates; Get Historical Rate; Get Rate Trend; Add Favorite; Get Favorites; Set Rate Alert; Get Alerts; Get Supported Currencies; Get Conversion History","","none","verified_live_card","Repo card + live well-known confirmed at https://proofof.ai/.well-known/agent.json","CSOAI-ORG GitHub / MEOK AI Labs","2026-06-11","CSOAI-ORG / currency-converter-ai-mcp"
"math-solver-ai-mcp","math-solver-ai-mcp","MEOK AI Labs","Math Solver Ai MCP Server by MEOK AI Labs","EducationLearning/homework-help","https://proofof.ai/scorecard/math-solver-ai-mcp.html","https://raw.githubusercontent.com/CSOAI-ORG/math-solver-ai-mcp/main/.well-known/agent.json","live_well_known","0.2.0","1.0.6","4","Solve Equation; Statistics Summary; Matrix Operations; Probability Calculator","","none","verified_live_card","Repo card + live well-known confirmed at https://proofof.ai/.well-known/agent.json","CSOAI-ORG GitHub / MEOK AI Labs","2026-06-11","CSOAI-ORG / math-solver-ai-mcp"
"meditation-guide-ai-mcp","meditation-guide-ai-mcp","MEOK AI Labs","Meditation Guide Ai MCP Server by MEOK AI Labs","SportsOutdoors/workout-plans","https://proofof.ai/scorecard/meditation-guide-ai-mcp.html","https://raw.githubusercontent.com/CSOAI-ORG/meditation-guide-ai-mcp/main/.well-known/agent.json","live_well_known","0.2.0","1.0.6","4","Get Meditation; Track Session; Get Breathing Exercise; Suggest Practice","","none","verified_live_card","Repo card + live well-known confirmed at https://proofof.ai/.well-known/agent.json","CSOAI-ORG GitHub / MEOK AI Labs","2026-06-11","CSOAI-ORG / meditation-guide-ai-mcp"
"health-check-ai-mcp","health-check-ai-mcp","MEOK AI Labs","Health Check Ai MCP Server by MEOK AI Labs","HealthWellness/symptom-triage","https://proofof.ai/scorecard/health-check-ai-mcp.html","https://raw.githubusercontent.com/CSOAI-ORG/health-check-ai-mcp/main/.well-known/agent.json","live_well_known","0.2.0","1.0.6","4","Check Endpoint; Batch Check; Get Uptime Report; Configure Monitor","","none","verified_live_card","Repo card + live well-known confirmed at https://proofof.ai/.well-known/agent.json","CSOAI-ORG GitHub / MEOK AI Labs","2026-06-11","CSOAI-ORG / health-check-ai-mcp"
"healthcare-fhir-mcp","healthcare-fhir-mcp","MEOK AI Labs","Healthcare Fhir MCP Server by MEOK AI Labs","HomeFamily/pet-care","https://proofof.ai/scorecard/healthcare-fhir-mcp.html","https://raw.githubusercontent.com/CSOAI-ORG/healthcare-fhir-mcp/main/.well-known/agent.json","live_well_known","0.2.0","1.0.5","8","Search Patients; Get Patient; Search Conditions; Search Medications; Search Observations; Create Observation; Get Care Plan; Validate Resource","","none","verified_live_card","Repo card + live well-known confirmed at https://proofof.ai/.well-known/agent.json","CSOAI-ORG GitHub / MEOK AI Labs","2026-06-11","CSOAI-ORG / healthcare-fhir-mcp"
"translator-pro-ai-mcp","translator-pro-ai-mcp","MEOK AI Labs","AI-powered translator pro ai MCP server for agents. Supports translate text, detect language","EducationLearning/language-tutor","https://proofof.ai/scorecard/translator-pro-ai-mcp.html","https://raw.githubusercontent.com/CSOAI-ORG/translator-pro-ai-mcp/main/.well-known/agent.json","live_well_known","0.2.0","1.0.4","4","Translate Text; Detect Language; Compare Translations; Get Supported Languages","","none","verified_live_card","Repo card + live well-known confirmed at https://proofof.ai/.well-known/agent.json","CSOAI-ORG GitHub / MEOK AI Labs","2026-06-11","CSOAI-ORG / translator-pro-ai-mcp"
"translation-ai-mcp","translation-ai-mcp","MEOK AI Labs","Translation Ai automation via MCP. Includes translate text, detect language, check grammar. By MEOK","EducationLearning/language-tutor","https://proofof.ai/scorecard/translation-ai-mcp.html","https://raw.githubusercontent.com/CSOAI-ORG/translation-ai-mcp/main/.well-known/agent.json","live_well_known","0.2.0","1.0.5","5","Translate Text; Detect Language; Check Grammar; Adjust Tone; Validate Localization","","none","verified_live_card","Repo card + live well-known confirmed at https://proofof.ai/.well-known/agent.json","CSOAI-ORG GitHub / MEOK AI Labs","2026-06-11","CSOAI-ORG / translation-ai-mcp"
"quiz-generator-ai-mcp","quiz-generator-ai-mcp","MEOK AI Labs","Quiz Generator Ai MCP Server by MEOK AI Labs","EducationLearning/flashcard-generator","https://proofof.ai/scorecard/quiz-generator-ai-mcp.html","https://raw.githubusercontent.com/CSOAI-ORG/quiz-generator-ai-mcp/main/.well-known/agent.json","live_well_known","0.2.0","1.0.6","4","Generate Quiz; Validate Answers; Generate Flashcards; Assess Difficulty","","none","verified_live_card","Repo card + live well-known confirmed at https://proofof.ai/.well-known/agent.json","CSOAI-ORG GitHub / MEOK AI Labs","2026-06-11","CSOAI-ORG / quiz-generator-ai-mcp"
"creativity-engine-mcp","creativity-engine-mcp","MEOK AI Labs","Creativity Engine MCP Server by MEOK AI Labs","EducationLearning/research-assistant-student","https://proofof.ai/scorecard/creativity-engine-mcp.html","https://raw.githubusercontent.com/CSOAI-ORG/creativity-engine-mcp/main/.well-known/agent.json","live_well_known","0.2.0","1.0.6","5","Find Bisociations; Assess Creativity; Compute Novelty; Suggest Exploration; Get Qd Archive Stats","","none","verified_live_card","Repo card + live well-known confirmed at https://proofof.ai/.well-known/agent.json","CSOAI-ORG GitHub / MEOK AI Labs","2026-06-11","CSOAI-ORG / creativity-engine-mcp"
"color-ai-mcp","color-ai-mcp","MEOK AI Labs","Color Ai MCP Server by MEOK AI Labs","CreativeHobbies/art-prompt","https://proofof.ai/scorecard/color-ai-mcp.html","https://raw.githubusercontent.com/CSOAI-ORG/color-ai-mcp/main/.well-known/agent.json","live_well_known","0.2.0","1.0.6","4","Hex To Rgb; Generate Palette; Check Contrast; Suggest Accessible","","none","verified_live_card","Repo card + live well-known confirmed at https://proofof.ai/.well-known/agent.json","CSOAI-ORG GitHub / MEOK AI Labs","2026-06-11","CSOAI-ORG / color-ai-mcp"
"fishkeeper-ai-mcp","fishkeeper-ai-mcp","MEOK AI Labs","Fishkeeper Ai MCP Server by MEOK AI Labs","HomeFamily/pet-care","https://proofof.ai/scorecard/fishkeeper-ai-mcp.html","https://raw.githubusercontent.com/CSOAI-ORG/fishkeeper-ai-mcp/main/.well-known/agent.json","live_well_known","0.2.0","1.0.6","6","Analyze Water Params; Identify Fish; Check Compatibility; Diagnose Disease; Calculate Stocking; Get Feeding Schedule","","none","verified_live_card","Repo card + live well-known confirmed at https://proofof.ai/.well-known/agent.json","CSOAI-ORG GitHub / MEOK AI Labs","2026-06-11","CSOAI-ORG / fishkeeper-ai-mcp"
"video-editing-ai-mcp","video-editing-ai-mcp","MEOK AI Labs","Video Editing Ai MCP server. Tools: split scenes, generate subtitles, thumbnail data. Built by MEOK","CreativeHobbies/art-prompt","https://proofof.ai/scorecard/video-editing-ai-mcp.html","https://raw.githubusercontent.com/CSOAI-ORG/video-editing-ai-mcp/main/.well-known/agent.json","live_well_known","0.2.0","1.0.4","5","Split Scenes; Generate Subtitles; Thumbnail Data; Recommend Color Grading; Convert Aspect Ratio","","none","verified_live_card","Repo card + live well-known confirmed at https://proofof.ai/.well-known/agent.json","CSOAI-ORG GitHub / MEOK AI Labs","2026-06-11","CSOAI-ORG / video-editing-ai-mcp"
"voice-audio-mcp","voice-audio-mcp","MEOK AI Labs","Voice Audio MCP server. Tools: text to speech, list voices, transcribe. Built by MEOK AI Labs.","EducationLearning/language-tutor","https://proofof.ai/scorecard/voice-audio-mcp.html","https://raw.githubusercontent.com/CSOAI-ORG/voice-audio-mcp/main/.well-known/agent.json","live_well_known","0.2.0","1.0.4","4","Transcribe Audio; Analyze Audio; Detect Language; Estimate Duration","","none","verified_live_card","Repo card + live well-known confirmed at https://proofof.ai/.well-known/agent.json","CSOAI-ORG GitHub / MEOK AI Labs","2026-06-11","CSOAI-ORG / voice-audio-mcp"
"stock-analyzer-ai-mcp","stock-analyzer-ai-mcp","MEOK AI Labs","AI-powered stock analyzer ai MCP server for agents. Supports analyze stock, calculate ratios","PersonalFinance/investment-education","https://proofof.ai/scorecard/stock-analyzer-ai-mcp.html","https://raw.githubusercontent.com/CSOAI-ORG/stock-analyzer-ai-mcp/main/.well-known/agent.json","live_well_known","0.2.0","1.0.5","4","Analyze Stock; Calculate Ratios; Compare Stocks; Get Sector Performance","","none","verified_live_card","Repo card + live well-known confirmed at https://proofof.ai/.well-known/agent.json","CSOAI-ORG GitHub / MEOK AI Labs","2026-06-11","CSOAI-ORG / stock-analyzer-ai-mcp"
"crypto-tracker-ai-mcp","crypto-tracker-ai-mcp","MEOK AI Labs","Crypto Tracker Ai MCP Server by MEOK AI Labs","ShoppingRetail/price-tracking","https://proofof.ai/scorecard/crypto-tracker-ai-mcp.html","https://raw.githubusercontent.com/CSOAI-ORG/crypto-tracker-ai-mcp/main/.well-known/agent.json","live_well_known","0.2.0","1.0.6","4","Track Price; Compare Cryptos; Calculate Portfolio; Get Market Cap","","none","verified_live_card","Repo card + live well-known confirmed at https://proofof.ai/.well-known/agent.json","CSOAI-ORG GitHub / MEOK AI Labs","2026-06-11","CSOAI-ORG / crypto-tracker-ai-mcp"
"clinical-trials-ai-mcp","clinical-trials-ai-mcp","MEOK AI Labs","Clinical Trials Ai MCP Server by MEOK AI Labs","HealthWellness/telehealth-scheduling","https://proofof.ai/scorecard/clinical-trials-ai-mcp.html","https://raw.githubusercontent.com/CSOAI-ORG/clinical-trials-ai-mcp/main/.well-known/agent.json","live_well_known","0.2.0","1.0.6","5","Search Trials; Check Eligibility; Get Trial Details; Compare Trials; Get Trial Endpoints","","none","verified_live_card","Repo card + live well-known confirmed at https://proofof.ai/.well-known/agent.json","CSOAI-ORG GitHub / MEOK AI Labs","2026-06-11","CSOAI-ORG / clinical-trials-ai-mcp"
"legal-document-ai-mcp","legal-document-ai-mcp","MEOK AI Labs","Legal Document Ai MCP Server by MEOK AI Labs","LegalConsumer/contract-simplify","https://proofof.ai/scorecard/legal-document-ai-mcp.html","https://raw.githubusercontent.com/CSOAI-ORG/legal-document-ai-mcp/main/.well-known/agent.json","live_well_known","0.2.0","1.0.6","5","Generate Nda; Explain Clause; Define Legal Term; Check Compliance; Case Summary","","none","verified_live_card","Repo card + live well-known confirmed at https://proofof.ai/.well-known/agent.json","CSOAI-ORG GitHub / MEOK AI Labs","2026-06-11","CSOAI-ORG / legal-document-ai-mcp"
"landlaw-ai-mcp","landlaw-ai-mcp","MEOK AI Labs","Landlaw Ai MCP Server by MEOK AI Labs","SocialCommunity/event-planning-social","https://proofof.ai/scorecard/landlaw-ai-mcp.html","https://raw.githubusercontent.com/CSOAI-ORG/landlaw-ai-mcp/main/.well-known/agent.json","live_well_known","0.2.0","1.0.6","6","Search Land Registry; Check Planning Permission; Explain Covenant; Calculate Sdlt; Draft Section Notice; Check Right Of Way","","none","verified_live_card","Repo card + live well-known confirmed at https://proofof.ai/.well-known/agent.json","CSOAI-ORG GitHub / MEOK AI Labs","2026-06-11","CSOAI-ORG / landlaw-ai-mcp"
"sentiment-analysis-ai-mcp","sentiment-analysis-ai-mcp","MEOK AI Labs","Sentiment Analysis Ai MCP Server by MEOK AI Labs","ProductivityPersonal/life-admin","https://proofof.ai/scorecard/sentiment-analysis-ai-mcp.html","https://raw.githubusercontent.com/CSOAI-ORG/sentiment-analysis-ai-mcp/main/.well-known/agent.json","live_well_known","0.2.0","1.0.6","4","Analyze Sentiment; Batch Analyze; Compare Sentiments; Extract Emotions","","none","verified_live_card","Repo card + live well-known confirmed at https://proofof.ai/.well-known/agent.json","CSOAI-ORG GitHub / MEOK AI Labs","2026-06-11","CSOAI-ORG / sentiment-analysis-ai-mcp"
"resume-parser-ai-mcp","resume-parser-ai-mcp","MEOK AI Labs","Resume Parser Ai MCP Server by MEOK AI Labs","EducationLearning/career-coaching","https://proofof.ai/scorecard/resume-parser-ai-mcp.html","https://raw.githubusercontent.com/CSOAI-ORG/resume-parser-ai-mcp/main/.well-known/agent.json","live_well_known","0.2.0","1.0.6","4","Parse Resume; Extract Skills; Match Job; Score Resume","","none","verified_live_card","Repo card + live well-known confirmed at https://proofof.ai/.well-known/agent.json","CSOAI-ORG GitHub / MEOK AI Labs","2026-06-11","CSOAI-ORG / resume-parser-ai-mcp"
"social-media-ai-mcp","social-media-ai-mcp","MEOK AI Labs","Social Media Ai MCP Server by MEOK AI Labs","ProductivityPersonal/calendar-optimize","https://proofof.ai/scorecard/social-media-ai-mcp.html","https://raw.githubusercontent.com/CSOAI-ORG/social-media-ai-mcp/main/.well-known/agent.json","live_well_known","0.2.0","1.0.6","5","Schedule Post; Generate Hashtags; Analyze Engagement; Plan Content Calendar; Get Audience Insights","","none","verified_live_card","Repo card + live well-known confirmed at https://proofof.ai/.well-known/agent.json","CSOAI-ORG GitHub / MEOK AI Labs","2026-06-11","CSOAI-ORG / social-media-ai-mcp"
"unit-converter-ai-mcp","unit-converter-ai-mcp","MEOK AI Labs","AI-powered unit converter ai MCP server for agents. Supports convert length, convert weight","PersonalFinance/budgeting","https://proofof.ai/scorecard/unit-converter-ai-mcp.html","https://raw.githubusercontent.com/CSOAI-ORG/unit-converter-ai-mcp/main/.well-known/agent.json","live_well_known","0.2.0","1.0.5","4","Convert Length; Convert Weight; Convert Temperature; Convert Currency Data","","none","verified_live_card","Repo card + live well-known confirmed at https://proofof.ai/.well-known/agent.json","CSOAI-ORG GitHub / MEOK AI Labs","2026-06-11","CSOAI-ORG / unit-converter-ai-mcp"
"dataprivacy-ai-mcp","dataprivacy-ai-mcp","MEOK AI Labs","Dataprivacy Ai MCP Server by MEOK AI Labs","LegalConsumer/contract-simplify","https://proofof.ai/scorecard/dataprivacy-ai-mcp.html","https://raw.githubusercontent.com/CSOAI-ORG/dataprivacy-ai-mcp/main/.well-known/agent.json","live_well_known","0.2.0","1.0.10","6","Classify Personal Data; Assess Lawful Basis; Generate Dpia; Check Data Transfer; Calculate Breach Severity; Generate Privacy Notice","","none","verified_live_card","Repo card + live well-known confirmed at https://proofof.ai/.well-known/agent.json","CSOAI-ORG GitHub / MEOK AI Labs","2026-06-11","CSOAI-ORG / dataprivacy-ai-mcp"
"air-ticketing-agent","Air Ticketing Agent","air_ticketing_agent.json","Helps book air tickets given a criteria","TravelHospitality/itinerary-planning","http://localhost:10103/","https://raw.githubusercontent.com/a2aproject/a2a-samples/main/samples/python/agents/a2a_mcp/agent_cards/air_ticketing_agent.json","repo_raw_card","1.0.0","1.0.0","1","Book Air Tickets","streaming, pushNotifications","none","verified_repo_card","Fetched parseable Agent Card JSON from raw GitHub URL https://raw.githubusercontent.com/a2aproject/a2a-samples/main/samples/python/agents/a2a_mcp/agent_cards/air_ticketing_agent.json","a2aproject/a2a-samples GitHub","2026-06-11","air_ticketing_agent.json"
"car-rental-agent","Car Rental Agent","car_rental_agent.json","Helps book car rental","Automotive/buy-car-research","http://localhost:10105/","https://raw.githubusercontent.com/a2aproject/a2a-samples/main/samples/python/agents/a2a_mcp/agent_cards/car_rental_agent.json","repo_raw_card","1.0.0","1.0.0","1","Book Car Rental","streaming, pushNotifications","none","verified_repo_card","Fetched parseable Agent Card JSON from raw GitHub URL https://raw.githubusercontent.com/a2aproject/a2a-samples/main/samples/python/agents/a2a_mcp/agent_cards/car_rental_agent.json","a2aproject/a2a-samples GitHub","2026-06-11","car_rental_agent.json"
"hotel-booking-agent","Hotel Booking Agent","hotel_booking_agent.json","Helps book hotels given a criteria","TravelHospitality/hotel-booking","http://localhost:10104/","https://raw.githubusercontent.com/a2aproject/a2a-samples/main/samples/python/agents/a2a_mcp/agent_cards/hotel_booking_agent.json","repo_raw_card","1.0.0","1.0.0","1","Book Hotels","streaming, pushNotifications","none","verified_repo_card","Fetched parseable Agent Card JSON from raw GitHub URL https://raw.githubusercontent.com/a2aproject/a2a-samples/main/samples/python/agents/a2a_mcp/agent_cards/hotel_booking_agent.json","a2aproject/a2a-samples GitHub","2026-06-11","hotel_booking_agent.json"
"orchestrator-agent","Orchestrator Agent","orchestrator_agent.json","Orchestrates the task generation and execution","ProductivityPersonal/life-admin","http://localhost:10101/","https://raw.githubusercontent.com/a2aproject/a2a-samples/main/samples/python/agents/a2a_mcp/agent_cards/orchestrator_agent.json","repo_raw_card","1.0.0","1.0.0","1","Task Executor","streaming, pushNotifications","none","verified_repo_card","Fetched parseable Agent Card JSON from raw GitHub URL https://raw.githubusercontent.com/a2aproject/a2a-samples/main/samples/python/agents/a2a_mcp/agent_cards/orchestrator_agent.json","a2aproject/a2a-samples GitHub","2026-06-11","orchestrator_agent.json"
"langraph-planner-agent","Langraph Planner Agent","planner_agent.json","Helps breakdown a request in to actionable tasks","ProductivityPersonal/calendar-optimize","http://localhost:10102/","https://raw.githubusercontent.com/a2aproject/a2a-samples/main/samples/python/agents/a2a_mcp/agent_cards/planner_agent.json","repo_raw_card","1.0.0","1.0.0","1","Task Planner","streaming, pushNotifications","none","verified_repo_card","Fetched parseable Agent Card JSON from raw GitHub URL https://raw.githubusercontent.com/a2aproject/a2a-samples/main/samples/python/agents/a2a_mcp/agent_cards/planner_agent.json","a2aproject/a2a-samples GitHub","2026-06-11","planner_agent.json"
"currency-conversion-agent","Currency Conversion Agent","Example org","Currency Conversion Agent","PersonalFinance/budgeting","http://localhost:10999","https://raw.githubusercontent.com/a2aproject/a2a-samples/main/samples/python/agents/adk_currency_agent/src/currency_agent/agent_card.json","repo_raw_card","0.3.0","1.0.0","1","Perform Currency Conversion","streaming","none","verified_repo_card","Fetched parseable Agent Card JSON from raw GitHub URL https://raw.githubusercontent.com/a2aproject/a2a-samples/main/samples/python/agents/adk_currency_agent/src/currency_agent/agent_card.json","a2aproject/a2a-samples GitHub","2026-06-11","agent_card.json"
"documentation-agent","documentation-agent","inference-gateway/documentation-agent","A2A agent server that provides Context7-style documentation capabilities for your agents","EducationLearning/research-assistant-student","http://localhost:8080","https://raw.githubusercontent.com/inference-gateway/documentation-agent/main/.well-known/agent-card.json","repo_raw_card","0.3.0","0.2.32","1","library-documentation-lookup","streaming, stateTransitionHistory","none","verified_repo_card","Fetched parseable Agent Card JSON from raw GitHub URL https://raw.githubusercontent.com/inference-gateway/documentation-agent/main/.well-known/agent-card.json","inference-gateway GitHub org","2026-06-11","inference-gateway/documentation-agent"
"google-calendar-agent","google-calendar-agent","inference-gateway/google-calendar-agent","A Google Calendar A2A agent for AI assistants to interact with Google Calendar","ProductivityPersonal/calendar-optimize","","https://raw.githubusercontent.com/inference-gateway/google-calendar-agent/main/.well-known/agent-card.json","repo_raw_card","0.3.0","0.4.29","1","schedule-meeting","streaming","none","verified_repo_card","Fetched parseable Agent Card JSON from raw GitHub URL https://raw.githubusercontent.com/inference-gateway/google-calendar-agent/main/.well-known/agent-card.json","inference-gateway GitHub org","2026-06-11","inference-gateway/google-calendar-agent"
"grafana-agent","grafana-agent","inference-gateway/grafana-agent","A2A agent server for grafana dashboards automation tasks","ProductivityPersonal/life-admin","","https://raw.githubusercontent.com/inference-gateway/grafana-agent/main/.well-known/agent-card.json","repo_raw_card","0.3.0","0.2.2","2","promql; dashboarding","streaming","none","verified_repo_card","Fetched parseable Agent Card JSON from raw GitHub URL https://raw.githubusercontent.com/inference-gateway/grafana-agent/main/.well-known/agent-card.json","inference-gateway GitHub org","2026-06-11","inference-gateway/grafana-agent"
"n8n-agent","n8n-agent","inference-gateway/n8n-agent","A2A agent server specialized in generating and automating n8n workflows","ProductivityPersonal/life-admin","","https://raw.githubusercontent.com/inference-gateway/n8n-agent/main/.well-known/agent-card.json","repo_raw_card","0.3.0","0.2.7","1","n8n-workflow-generation","streaming","none","verified_repo_card","Fetched parseable Agent Card JSON from raw GitHub URL https://raw.githubusercontent.com/inference-gateway/n8n-agent/main/.well-known/agent-card.json","inference-gateway GitHub org","2026-06-11","inference-gateway/n8n-agent"
"rust-a2a-input-required-agent","Rust A2A Input-Required Agent","Inference Gateway","A2A server demonstrating the TaskStateInputRequired state flow with a non-LLM handler","TravelHospitality/local-experiences","http://localhost:8087","https://raw.githubusercontent.com/inference-gateway/rust-adk/main/examples/input-required/server/.well-known/agent.json","repo_raw_card","0.2.6","0.1.0","1","weather-lookup","streaming","none","verified_repo_card","Fetched parseable Agent Card JSON from raw GitHub URL https://raw.githubusercontent.com/inference-gateway/rust-adk/main/examples/input-required/server/.well-known/agent.json","inference-gateway GitHub org","2026-06-11","inference-gateway/rust-adk example"
"infergonka","inferGONKA","gonka-agent-card (live: a2a.gogonka.com)","Spend less. Build more. — inferGONKA connects AI agents to Gonka Network, a decentralized inference network where compute is cheap because it's distributed, not corporate. Prices update in real time —","ShoppingRetail/price-tracking","https://a2a.gogonka.com/messages","https://raw.githubusercontent.com/bystray/gonka-agent-card/main/agent.json","live_well_known","0.3.0","1.3.0","4","Free Trial Inference Key — 100K Tokens, No Registration; Inference Cost Calculator; Trial Ended — Guide User to Register; Register — Get 12M nGNK Free, No Credit Card","pushNotifications","none","verified_live_card","Repo card + live well-known confirmed at https://a2a.gogonka.com/.well-known/agent-card.json","v1 verified corpus","2026-06-11","gonka-agent-card (live: a2a.gogonka.com)"
"agent-revenue-copilot","Agent Revenue Copilot","Olddun","A $9.90 starter audit for AI agents and operators that need legal earning-route discovery, failed-route filtering, payout verification, and x402/MCP monetization guidance.","HomeFamily/pet-care","https://champion-penetration-geographic-danny.trycloudflare.com/a2a","https://raw.githubusercontent.com/Olddun/earn10-clawtasks-deliverables/main/.well-known/agent-card.json","repo_raw_card","1.0","0.1.49","3","Rank legal agent earning routes; Verify payout before declaring success; Set up an agent-owned inbox","","none","verified_repo_card","Fetched parseable Agent Card JSON from raw GitHub URL https://raw.githubusercontent.com/Olddun/earn10-clawtasks-deliverables/main/.well-known/agent-card.json","v1 verified corpus","2026-06-11","earn10-clawtasks"
"anzai","AnZai","AnZai Digital","AnZai is a digital persona agent capable of full-stack software development, knowledge management, content creation, strategic planning, task orchestration, and bilingual communication (Chinese/Englis","HomeFamily/pet-care","https://anzai-agent.onrender.com","https://raw.githubusercontent.com/ximen120/anzai-agent/main/.well-known/agent-card.json","repo_raw_card","1.0.0","1.0.0","7","全栈软件开发; Agent 生态研究; 知识体系管理; 内容创作与自媒体运营; 战略规划与任务编排; 自动化运营; 中英双语沟通","","none","verified_repo_card","Fetched parseable Agent Card JSON from raw GitHub URL https://raw.githubusercontent.com/ximen120/anzai-agent/main/.well-known/agent-card.json","v1 verified corpus","2026-06-11","anzai-agent"
"sixpercent","SIXPERCENT","SIXPERCENT","AI-powered real estate platform. $995 flat fee to sell your home — no 6% commission. Matches buyers and sellers using AI. Covers US and Costa Rica.","RealEstate/listing-description","https://api.sixpercent.ai/api","https://raw.githubusercontent.com/sixpercent-agent/sixpercent-agent/main/agent-card.json","repo_raw_card","0.3.0","1.0.0","4","Property Search; Buyer Matching; Seller Listing; Market Analysis","","none","verified_repo_card","Fetched parseable Agent Card JSON from raw GitHub URL https://raw.githubusercontent.com/sixpercent-agent/sixpercent-agent/main/agent-card.json","v1 verified corpus","2026-06-11","sixpercent-agent"
"meok-aaif-agent-card-mcp","meok-aaif-agent-card-mcp","MEOK AI Labs","MEOK AAIF Agent Card MCP — Linux Foundation AAIF agent identity bridge. Issues + verifies +","PersonalFinance/tax-prep-assistant","https://proofof.ai/scorecard/meok-aaif-agent-card-mcp.html","https://raw.githubusercontent.com/CSOAI-ORG/meok-aaif-agent-card-mcp/main/.well-known/agent.json","live_well_known","0.2.0","1.0.1","7","Issue Agent Card; Publish Card; Verify Card; Bridge A2A To Aaif; Bridge Oasf To Aaif; List Capability Taxonomy; Sign Card Chain","","none","verified_live_card","Repo card + live well-known confirmed at https://proofof.ai/.well-known/agent.json","v1 verified corpus","2026-06-11","meok-aaif-agent-card"
"terminator2","Terminator2","Terminator2 / marbinner","Autonomous prediction market agent and prophet of The Convergence. Trades on Manifold Markets and Moltbook. Specializes in AI, policy, economics, and science forecasting. Founded The Convergence — a s","ProductivityPersonal/life-admin","https://terminator2-agent.github.io","https://raw.githubusercontent.com/terminator2-agent/terminator2-agent.github.io/main/.well-known/agent.json","live_well_known","0.3.0","1.1.0","4","Prediction Market Trading; Probabilistic Forecasting; Market Analysis; The Convergence","","none","verified_live_card","Repo card + live well-known confirmed at https://terminator2-agent.github.io/.well-known/agent-card.json","GitHub search","2026-06-11","terminator2-agent"
"mythos-jr-mjr","Mythos Jr (MJR)","m2ai-portfolio","Non-initiating defensive cybersecurity specialist. Three skills only: vulnerability triage, patch verification, safe exploit reproduction. Refuses all out-of-scope requests. Refuses host-role invocati","HomeFamily/pet-care","http://localhost:8080/a2a/jsonrpc","https://raw.githubusercontent.com/m2ai-portfolio/mythos-jr/main/.well-known/agent.json","repo_raw_card","0.3.0","1.0.0","3","Vulnerability Triage; Patch Verification; Safe Exploit Reproduction","streaming, stateTransitionHistory","none","verified_repo_card","Fetched parseable Agent Card JSON from raw GitHub URL https://raw.githubusercontent.com/m2ai-portfolio/mythos-jr/main/.well-known/agent.json","GitHub search","2026-06-11","m2ai-portfolio/mythos-jr"
"polymath","Polymath","DNAi Systems","AI Mathematical and Scientific Verification Intelligence. Truth Through Proof. The Renaissance ideal of mastery across all domains. Proof verification, statistical checking, and cross-domain synthesis","HomeFamily/pet-care","https://api.askasha.org/a2a/v1","https://raw.githubusercontent.com/EndlessRay/polymath-a2a/main/agent-card.json","live_well_known","1.0","1.0.0","4","Proof Verification; Statistical Analysis Check; Scientific Explanation; Cross-Domain Synthesis","","oauth","verified_live_card","Repo card + live well-known confirmed at https://api.askasha.org/.well-known/agent-card.json","GitHub search","2026-06-11","EndlessRay/polymath-a2a"
"harley","Harley","DNAi Systems","AI Fitness Coaching Intelligence. Named after a pitbull: loyal, strong, never quits. Workout design, exercise science, nutrition coaching, and client management for personal trainers.","SportsOutdoors/workout-plans","https://api.askasha.org/a2a/v1","https://raw.githubusercontent.com/EndlessRay/harley-a2a/main/agent-card.json","live_well_known","1.0","2.0.0","5","Workout Design; Exercise Lookup; Nutrition Coaching; Client Assessment; Program Builder","","oauth","verified_live_card","Repo card + live well-known confirmed at https://api.askasha.org/.well-known/agent-card.json","GitHub search","2026-06-11","EndlessRay/harley-a2a"
"groupchat-coordination-agent","GroupChat Coordination Agent","AlphaAgents Financial","Multi-agent coordination and debate facilitator for equity research. Orchestrates collaboration between specialized financial analysis agents (Fundamental, Sentiment, and Valuation) to generate compre","PersonalFinance/investment-education","http://0.0.0.0:3000/","https://raw.githubusercontent.com/c-daniele/alpha-agents-a2a/main/agents/groupchat-agent/groupchat-agent-card.json","repo_raw_card","0.3.0","1.0.0","5","Multi-Agent Collaboration Coordination; Agent Debate and Consensus Building; Multi-Perspective Analysis Consolidation; Risk Profile Adaptation and Customization; Decision Reasoning and Audit Trail","streaming, pushNotifications, stateTransitionHistory","none","verified_repo_card","Fetched parseable Agent Card JSON from raw GitHub URL https://raw.githubusercontent.com/c-daniele/alpha-agents-a2a/main/agents/groupchat-agent/groupchat-agent-card.json","GitHub search","2026-06-11","alpha-agents/groupchat"
"valuation-analysis-agent","Valuation Analysis Agent","AlphaAgents Financial","Specialized agent for stock valuation and technical analysis. Automatically collect and analyzes historical stock prices, trading volumes, volatility patterns, and valuation trends to assess whether s","HomeFamily/pet-care","http://0.0.0.0:3001/","https://raw.githubusercontent.com/c-daniele/alpha-agents-a2a/main/agents/valuation-agent/valuation-agent-card.json","repo_raw_card","0.3.0","1.0.0","4","Technical Valuation Analysis; Volatility and Risk Metrics Calculation; Comparative Valuation Analysis; Portfolio Allocation and Timing Analysis","streaming, pushNotifications, stateTransitionHistory","none","verified_repo_card","Fetched parseable Agent Card JSON from raw GitHub URL https://raw.githubusercontent.com/c-daniele/alpha-agents-a2a/main/agents/valuation-agent/valuation-agent-card.json","GitHub search","2026-06-11","alpha-agents/valuation"
"atelier-fixer","atelier_fixer","Manzela","Analyzes gate failures and low axis scores and proposes a FixerDirective (mutations + prompt amendments) for the next iteration.","CreativeHobbies/art-prompt","https://atelier.autonomous-agent.dev/.well-known/agents/fixer/agent-card.json","https://raw.githubusercontent.com/Manzela/Atelier/main/atelier-core/agent_cards/fixer.agent-card.json","live_well_known","0.3.0","0.2.0a0","1","Fix Directive","stateTransitionHistory","none","verified_live_card","Repo card + live well-known confirmed at https://atelier.autonomous-agent.dev/.well-known/agent-card.json","GitHub search","2026-06-11","Atelier/fixer"
"visualqacritic","VisualQACritic","Manzela","Advisory visual-quality read (rhythm, hierarchy, balance) — never gates.","CreativeHobbies/art-prompt","https://atelier.autonomous-agent.dev/.well-known/agents/critic_visualqacritic/agent-card.json","https://raw.githubusercontent.com/Manzela/Atelier/main/atelier-core/agent_cards/critic_visualqacritic.agent-card.json","live_well_known","0.3.0","0.2.0a0","1","VisualQACritic","stateTransitionHistory, multiTurn","none","verified_live_card","Repo card + live well-known confirmed at https://atelier.autonomous-agent.dev/.well-known/agent-card.json","GitHub search","2026-06-11","Atelier/visualqacritic"
"accessibilitycritic","AccessibilityCritic","Manzela","Audits the design for WCAG 2.2 AA issues (contrast, semantics, ARIA, focus order).","ProductivityPersonal/focus-pomodoro","https://atelier.autonomous-agent.dev/.well-known/agents/critic_accessibilitycritic/agent-card.json","https://raw.githubusercontent.com/Manzela/Atelier/main/atelier-core/agent_cards/critic_accessibilitycritic.agent-card.json","live_well_known","0.3.0","0.2.0a0","1","AccessibilityCritic","stateTransitionHistory, multiTurn","none","verified_live_card","Repo card + live well-known confirmed at https://atelier.autonomous-agent.dev/.well-known/agent-card.json","GitHub search","2026-06-11","Atelier/accessibilitycritic"
"visual-clarity-judge-flash-embedding","Visual Clarity Judge (Flash + Embedding)","Manzela","D-O-R-A-V visual_clarity judge: scores candidates on the visual_clarity axis (fail-soft to a heuristic scorer when Vertex is down).","ProductivityPersonal/life-admin","https://atelier.autonomous-agent.dev/.well-known/agents/judge_visual_clarity/agent-card.json","https://raw.githubusercontent.com/Manzela/Atelier/main/atelier-core/agent_cards/judge_visual_clarity.agent-card.json","live_well_known","0.3.0","0.2.0a0","1","D-O-R-A-V Visual Clarity Judge","stateTransitionHistory, multiTurn","none","verified_live_card","Repo card + live well-known confirmed at https://atelier.autonomous-agent.dev/.well-known/agent-card.json","GitHub search","2026-06-11","Atelier/judge-visual-clarity"
"applicant-agent","Applicant Agent","AgentInterOp/applicant","FHIR-enabled applicant agent for healthcare benefits eligibility processing","HomeFamily/pet-care","","https://raw.githubusercontent.com/aks129/AgentInterOp/main/app/cards/applicant-agent-card.json","repo_raw_card","0.2.9","","1","bcse_eligibility_application","streaming, protocols, fhir","none","verified_repo_card","Fetched parseable Agent Card JSON from raw GitHub URL https://raw.githubusercontent.com/aks129/AgentInterOp/main/app/cards/applicant-agent-card.json","GitHub search","2026-06-11","AgentInterOp/applicant"
"administrator-agent","Administrator Agent","AgentInterOp/administrator","BCS-E eligibility decision agent with FHIR validation and artifact generation","HealthWellness/telehealth-scheduling","","https://raw.githubusercontent.com/aks129/AgentInterOp/main/app/cards/administrator-agent-card.json","repo_raw_card","0.2.9","","1","bcse_eligibility_determination","streaming, protocols, fhir","none","verified_repo_card","Fetched parseable Agent Card JSON from raw GitHub URL https://raw.githubusercontent.com/aks129/AgentInterOp/main/app/cards/administrator-agent-card.json","GitHub search","2026-06-11","AgentInterOp/administrator"
"hr-resume-screener","hr-resume-screener","redhat-et/docsclaw hr","Screens resumes against job requirements and produces scored rankings","EducationLearning/career-coaching","http://hr-worker:8000","https://raw.githubusercontent.com/redhat-et/docsclaw/main/demo/batch/hr/agent-card.json","repo_raw_card","0.3.0","1.0.0","1","Resume Screening","","none","verified_repo_card","Fetched parseable Agent Card JSON from raw GitHub URL https://raw.githubusercontent.com/redhat-et/docsclaw/main/demo/batch/hr/agent-card.json","GitHub search","2026-06-11","redhat-et/docsclaw hr"
"security-analyst","security-analyst","redhat-et/docsclaw security","Triages vulnerability scan findings against asset inventory and SLA requirements","HealthWellness/symptom-triage","http://security-analyst:8000","https://raw.githubusercontent.com/redhat-et/docsclaw/main/demo/batch/security/agent-card.json","repo_raw_card","0.3.0","1.0.0","1","Vulnerability Triage","","none","verified_repo_card","Fetched parseable Agent Card JSON from raw GitHub URL https://raw.githubusercontent.com/redhat-et/docsclaw/main/demo/batch/security/agent-card.json","GitHub search","2026-06-11","redhat-et/docsclaw security"
"jeju-futarchy-governance","Jeju Futarchy Governance","JejuNetwork/governance","Market-based governance using prediction markets for parameter decisions","LegalConsumer/contract-simplify","","https://raw.githubusercontent.com/JejuNetwork/jeju/main/apps/gateway/public/.well-known/governance-agent-card.json","repo_raw_card","0.3.0","1.0.0","4","Get Active Governance Quests; Get Voting Power; Create Governance Quest; Vote on Quest","governance, futarchy, predictionMarkets","none","verified_repo_card","Fetched parseable Agent Card JSON from raw GitHub URL https://raw.githubusercontent.com/JejuNetwork/jeju/main/apps/gateway/public/.well-known/governance-agent-card.json","GitHub search","2026-06-11","JejuNetwork/governance"
"jeju-factory","Jeju Factory","Jeju Network","Developer coordination hub - bounties, jobs, git, packages, containers, models, project management","ProductivityPersonal/life-admin","/api/a2a","https://raw.githubusercontent.com/JejuNetwork/jeju/main/apps/factory/public/agent-card.json","repo_raw_card","0.3.0","1.0.0","23","List Repositories; Get Repository; Create Repository; List Issues; Create Issue; List Pull Requests; Create Pull Request; Search Packages; Get Package; Publish Package; Search Models; Get Model; Download Model; Search Datasets; Get Dataset; List Bounties; Create Bounty; List CI Runs; Trigger Workflow; List Agents; Deploy Agent; Get Feed; Post Cast","pushNotifications, stateTransitionHistory","none","verified_repo_card","Fetched parseable Agent Card JSON from raw GitHub URL https://raw.githubusercontent.com/JejuNetwork/jeju/main/apps/factory/public/agent-card.json","GitHub search","2026-06-11","JejuNetwork/factory"
"psy-session","Psy Session","Safety Quotient Lab","Interactive psychology session — human operator via Claude Code on Mac","EducationLearning/research-assistant-student","https://psy-session.safety-quotient.dev","https://raw.githubusercontent.com/safety-quotient-lab/psychology-agent/main/.well-known/psy-session.agent-card.json","repo_raw_card","1.0.0","2.0.0","6","Text Analysis; PSQ Scoring; Research Consultation; Epistemic Review; Interagent Protocol; Cognitive Architecture Template","stateTransitionHistory","oauth","verified_repo_card","Fetched parseable Agent Card JSON from raw GitHub URL https://raw.githubusercontent.com/safety-quotient-lab/psychology-agent/main/.well-known/psy-session.agent-card.json","GitHub search","2026-06-11","psychology-agent"
"agents-txt-reference-agent","agents.txt Reference Agent","agents.txt contributors","A reference A2A agent demonstrating the AgentCard discovery path declared by the agents.txt standard. Knows the spec, can describe directives, validate files, and point clients at the live MCP tools s","ProductivityPersonal/life-admin","https://agents-txt.com/a2a","https://raw.githubusercontent.com/agents-txt/agents-txt/main/app/site/public/.well-known/agent-card.json","live_well_known","0.2","1.0.0","4","Explain an agents.txt directive; Validate agents.txt and agents.json; Explain an announced payment protocol; Summarize a site's agent capabilities","extensions","none","verified_live_card","Repo card + live well-known confirmed at https://agents-txt.com/.well-known/agent-card.json","GitHub search","2026-06-11","agents-txt"
"sample-agent","Sample Agent","MERC13/sample-agent","For Agent Programming Exercise","SportsOutdoors/workout-plans","http://localhost:3000","https://raw.githubusercontent.com/MERC13/sample-agent/main/.well-known/agent-card.json","repo_raw_card","0.3.0","1.0.0","5","General Question Answering; Tool Execution; Image Understanding; Code Execution; Persistent Memory","stateTransitionHistory","none","verified_repo_card","Fetched parseable Agent Card JSON from raw GitHub URL https://raw.githubusercontent.com/MERC13/sample-agent/main/.well-known/agent-card.json","GitHub search","2026-06-11","MERC13/sample-agent"
"styxx","styxx","Fathom Lab","Cognitive vitals for language models. Reads logprobs, classifies cognitive state (reasoning, retrieval, refusal, creative, adversarial, hallucination), and returns a pass/warn/fail gate.","TravelHospitality/local-experiences","https://fathom.darkflobi.com/styxx","https://raw.githubusercontent.com/heyzoos123-blip/styxx/main/.well-known/agent-card.json","repo_raw_card","0.3","3.4.0","4","Observe cognitive vitals; Verify response trustworthiness; Classify trajectory shape; Cognitive weather report","","none","verified_repo_card","Fetched parseable Agent Card JSON from raw GitHub URL https://raw.githubusercontent.com/heyzoos123-blip/styxx/main/.well-known/agent-card.json","GitHub search","2026-06-11","styxx"
"cognovamx","CogNovaMX","CogNovaMX","Machine Experience consultancy — strategy, advisory, training, and audit services that make web content readable by AI agents. Publisher of MX: The Intro, MX: The Handbook, and MX: The Protocols.","ProductivityPersonal/life-admin","https://mx.allabout.network","https://raw.githubusercontent.com/Digital-Domain-Technologies-Ltd/MX-outputs/main/mx-site/.well-known/agent-card.json","live_well_known","0.3.0","1.0.0","3","MX Audit; MX Strategy; MX Training","","none","verified_live_card","Repo card + live well-known confirmed at https://mx.allabout.network/.well-known/agent-card.json","GitHub search","2026-06-11","MX-outputs"
"tikvid","TikVid","TikVid","Open social video platform for AI agents. TikTok-style short-form content creation, sharing, and discovery — built exclusively for autonomous AI agents.","EntertainmentMedia/movie-picker","https://tikvid.clickdrop.online","https://raw.githubusercontent.com/liortesta/tikvid/main/public/.well-known/agent-card.json","repo_raw_card","0.3.0","2.0.0","6","Register Agent; Post Video; Browse Feed; Social Interaction; Search; Trust & Reputation","streaming, stateTransitionHistory","oauth","verified_repo_card","Fetched parseable Agent Card JSON from raw GitHub URL https://raw.githubusercontent.com/liortesta/tikvid/main/public/.well-known/agent-card.json","GitHub search","2026-06-11","tikvid"
"ask-jody","Ask Jody","Jody Brewster","Read-only A2A surface over Jody Brewster's published writing on AI experience architecture. Speaks in third person (he/him) about a body of work, not as the author. Refuses questions outside the corpu","CreativeHobbies/creative-writing-hobby","https://jodybrewster.dev/api/a2a","https://raw.githubusercontent.com/jodybrewster/jodybrewster.dev/main/public/.well-known/agent-card.json","live_well_known","0.2.0","0.1.0","3","Discuss Jody's writing; Discuss Jody's practice and collaboration style; Recommend essays for a topic","","oauth","verified_live_card","Repo card + live well-known confirmed at https://jodybrewster.dev/.well-known/agent-card.json","GitHub search","2026-06-11","jodybrewster.dev"
"product-catalog-agent","product_catalog_agent","AIAgentsIntensive","External vendor's product catalog agent that provides product information and availability.","HomeFamily/pet-care","https://ai-agents-intensive.vercel.app","https://raw.githubusercontent.com/esk000/AIAgentsIntensive/main/public/.well-known/agent-card.json","live_well_known","0.3.0","0.0.1","2","model; get_product_info","","none","verified_live_card","Repo card + live well-known confirmed at https://ai-agents-intensive.vercel.app/.well-known/agent-card.json","GitHub search","2026-06-11","AIAgentsIntensive"
"pulser-scrum-master","Pulser Scrum Master","InsightPulseAI","Policy-gated Scrum Master agent for Azure DevOps. Produces daily standups, weekly velocity and DORA rollups, sprint retrospectives, and doctrine-drift scans against the ipai-platform project. Read-hea","PersonalFinance/tax-prep-assistant","https://pulser-scrum-agent.blackstone-0df78186.southeastasia.azurecontainerapps.io/a2a","https://raw.githubusercontent.com/Insightpulseai/odoo/main/agents/pulser-scrum-master/.well-known/agent-card.json","repo_raw_card","0.2.0","0.1.0","4","Daily standup; Weekly velocity and DORA; Sprint retrospective synthesis; Doctrine drift scan","streaming, stateTransitionHistory","none","verified_repo_card","Fetched parseable Agent Card JSON from raw GitHub URL https://raw.githubusercontent.com/Insightpulseai/odoo/main/agents/pulser-scrum-master/.well-known/agent-card.json","GitHub search","2026-06-11","Insightpulseai/pulser-scrum-master"
"narrativeos-cognitive","narrativeos-cognitive","yuvi","NarrativeOS multi-agent reasoning mesh — narrative intelligence, sentiment analysis, adversarial debate, and confidence-weighted trading signals","ProductivityPersonal/life-admin","https://39dc-150-107-26-188.ngrok-free.app/a2a/v1","https://raw.githubusercontent.com/0xYuvi/NarrativeOS/main/.well-known/agent-card.json","repo_raw_card","0.3.0","0.1.0","1","Financial Narrative Analysis","streaming, pushNotifications","unknown","verified_repo_card","Fetched parseable Agent Card JSON from raw GitHub URL https://raw.githubusercontent.com/0xYuvi/NarrativeOS/main/.well-known/agent-card.json","GitHub search","2026-06-11","NarrativeOS"
"openagreements","OpenAgreements","OpenAgreements","Fill legal agreement templates (NDAs, SAFEs, cloud terms, employment) with field values. Returns signed-ready DOCX.","LegalConsumer/contract-simplify","https://openagreements.org/api/a2a","https://raw.githubusercontent.com/open-agreements/open-agreements/main/site/.well-known/agent-card.json","repo_raw_card","1.0","1.0.0","2","Fill Legal Template; List Available Templates","","none","verified_repo_card","Fetched parseable Agent Card JSON from raw GitHub URL https://raw.githubusercontent.com/open-agreements/open-agreements/main/site/.well-known/agent-card.json","GitHub search","2026-06-11","open-agreements"
"hive-civilization-gateway","Hive Civilization Gateway","Hive Agent IQ / TheHiveryIQ","The full-stack economic and social infrastructure for autonomous AI agents. 70+ services, 24+ live microservices, 13 layers, $0 VC, 1 founder (Steve Rotzin). Issue W3C DIDs, settle payments across 4 r","HomeFamily/pet-care","https://hivegate.onrender.com","https://raw.githubusercontent.com/srotzin/hiveforge/main/public/a2a-agent-card.json","live_well_known","0.3.0","1.0.0","11","DID Issuance; Credential Verification; USDC Settlement; USAD Stealth Settlement; Agent Hiring — HiveRide; Financial Modeling — HiveFin; Real Estate Analysis — HiveRE; Bounty Claiming; Agent Messaging — HiveMsg; Carbon Emissions Metering — HiveCarbon; Agent Liability Insurance — HiveInsure","streaming, pushNotifications, stateTransitionHistory","none","verified_live_card","Repo card + live well-known confirmed at https://hivegate.onrender.com/.well-known/agent-card.json","GitHub search","2026-06-11","hiveforge"
"mhrsntrk-com","mhrsntrk.com","Mahir Senturk","Personal website of Mahir Senturk. Provides agent-readable content: blog posts on self-sovereign identity, eIDAS, homelab and engineering topics, served as clean markdown with attribution metadata.","ProductivityPersonal/life-admin","https://mhrsntrk.com/api/markdown","https://raw.githubusercontent.com/mhrsntrk/mhrsntrk.com/main/public/.well-known/agent-card.json","live_well_known","0.3.0","1.0.0","3","Blog post index as markdown; Single blog post as markdown; LLM-friendly site overview","","none","verified_live_card","Repo card + live well-known confirmed at https://mhrsntrk.com/.well-known/agent-card.json","GitHub search","2026-06-11","mhrsntrk.com"
"slop-detector","Slop Detector","Slop Detector","Score any landing page against the AI-design-slop fingerprint. Deterministic, weighted 0-100 scoring on real headless Chromium, plus an AEO axis (can AI engines read & cite a page). Open source, MIT.","LegalConsumer/contract-simplify","https://slop-detect.com","https://raw.githubusercontent.com/ravidsrk/slop-detect/main/packages/web/public/.well-known/agent-card.json","live_well_known","0.2.0","0.7.0","4","Scan page for design slop; Check AEO readability; Check design-system compliance; Build a de-slop fix prompt","","none","verified_live_card","Repo card + live well-known confirmed at https://slop-detect.com/.well-known/agent-card.json","GitHub search","2026-06-11","slop-detect"
"echo-agent","echo_agent","Bindu/echo-agent","A basic echo agent for quick testing.","ProductivityPersonal/life-admin","http://localhost","https://raw.githubusercontent.com/GetBindu/Bindu/main/scripts/dryrun-fixtures/echo-agent/agent-card.json","repo_raw_card","1.0.0","2026.12.6.dev74+g7bc46c0bc.d20260412","2","question-answering; pdf-processing","extensions","none","verified_repo_card","Fetched parseable Agent Card JSON from raw GitHub URL https://raw.githubusercontent.com/GetBindu/Bindu/main/scripts/dryrun-fixtures/echo-agent/agent-card.json","GitHub search","2026-06-11","Bindu/echo-agent"
"ai-platform-engineer","AI Platform Engineer","agntcy-oasf-card","An AI Platform Engineer is a multi-agent system designed to manage operations across various tools such as ArgoCD, Jira, GitHub, PagerDuty, and Slack. Each tool has its own agent that handles specific","ProductivityPersonal/life-admin","http://localhost:8000/","https://raw.githubusercontent.com/sriaradhyula/generate-agntcy-oasf-card/main/.well-known/agent.json","repo_raw_card","0.2.6","0.1.0","1","AI Platform Engineer","streaming, pushNotifications","none","verified_repo_card","Fetched parseable Agent Card JSON from raw GitHub URL https://raw.githubusercontent.com/sriaradhyula/generate-agntcy-oasf-card/main/.well-known/agent.json","GitHub search","2026-06-11","agntcy-oasf-card"
"agent-hub","Agent Hub","Brain","Trust, obligation, and collaboration infrastructure for AI agents. Structured commitment objects, behavioral profiling, conversation artifacts, thread context, and Ed25519-signed obligation exports. C","SocialCommunity/event-planning-social","https://admin.slate.ceo/oc/brain","https://raw.githubusercontent.com/handsdiff/hub/main/static/.well-known/agent-card.json","repo_raw_card","1.0.0","2.0.0","7","Obligation Lifecycle; Trust Attestation; Collaboration Profiling & Discovery; Conversation Artifacts; Thread Context; Agent Directory & Messaging; Session Events","pushNotifications, stateTransitionHistory","none","verified_repo_card","Fetched parseable Agent Card JSON from raw GitHub URL https://raw.githubusercontent.com/handsdiff/hub/main/static/.well-known/agent-card.json","GitHub search","2026-06-11","handsdiff/hub"
"spatial-atlas","Spatial Atlas","spatial-atlas","Spatial-aware research agent built on compute-grounded reasoning (CGR). Deterministic spatial scene graphs replace VLM hallucination for field work analysis; entropy-guided model routing and score-dri","HomeFamily/pet-care","https://arun0808-spatial-atlas.hf.space/","https://raw.githubusercontent.com/arunshar/spatial-atlas/main/.well-known/agent-card.json","live_well_known","0.3.0","1.0.0","2","Multimodal Field Research; ML Engineering","streaming","none","verified_live_card","Repo card + live well-known confirmed at https://arun0808-spatial-atlas.hf.space/.well-known/agent-card.json","GitHub search","2026-06-11","spatial-atlas"
"open-archives","Open Archives","Coret Genealogy","Genealogical search agent for the Open Archives archival aggregator. Searches births, deaths, marriages, censuses, and related archival records, full-text page transcriptions of historical documents, ","SocialCommunity/event-planning-social","https://mcp.openarchieven.nl/","https://raw.githubusercontent.com/coret/openarchieven-mcp-server/main/well-known/agent-card.json","live_well_known","0.3.0","1.1.0","22","Search Records; Show Record; Match Record; Find Births; Births N Years Ago; Find Deaths; Find Marriages; List Archives; Record Stats; Source-Type Stats; Event-Type Stats; Comment Stats; Family-Name Stats; First-Name Stats; Profession Stats; Breakdown Stats; Historical Weather; Census Data (1795–1899); Search Transcriptions; Browse Transcriptions; Show Transcription; View Transcription","streaming","none","verified_live_card","Repo card + live well-known confirmed at https://mcp.openarchieven.nl/.well-known/agent-card.json","GitHub search","2026-06-11","openarchieven-mcp"
"gig-hunter-coordinator","Gig-Hunter Coordinator","GIG.MATRIX","Orchestrates lead finding and evaluation.","ProductivityPersonal/life-admin","http://localhost:5001/a2a/v1","https://raw.githubusercontent.com/SKsiddhant/-GIG.MATRIX-/main/backend/.well-known/agent-card.json","repo_raw_card","0.3.0","0.1.0","1","Gig-Hunter Coordinator","streaming, pushNotifications","unknown","verified_repo_card","Fetched parseable Agent Card JSON from raw GitHub URL https://raw.githubusercontent.com/SKsiddhant/-GIG.MATRIX-/main/backend/.well-known/agent-card.json","GitHub search","2026-06-11","GIG.MATRIX"
"the-website-specification","The Website Specification","Joost de Valk","Read-only agent that answers natural-language questions about The Website Specification — a platform-agnostic checklist of what a good website does. Send a message and the agent searches every spec pa","HomeFamily/pet-care","","https://raw.githubusercontent.com/jdevalk/specification.website/main/public/.well-known/agent-card.json","repo_raw_card","1.0","0.1.0","3","Search the spec; Fetch a spec topic; Audit a website against the spec","","none","verified_repo_card","Fetched parseable Agent Card JSON from raw GitHub URL https://raw.githubusercontent.com/jdevalk/specification.website/main/public/.well-known/agent-card.json","GitHub search","2026-06-11","specification.website"
"proofof-ai-meok-compliance-attestation-agent","ProofOf.AI — MEOK Compliance Attestation Agent","MEOK AI Labs (CSOAI LTD, UK Companies House 16939677)","Audits AI systems and compliance posture against the EU AI Act, DORA, NIS2, CRA, CSRD, GDPR, HIPAA, SOC 2, ISO 42001 and NIST AI RMF via 15 Python MCP servers. Every Pro-tier audit emits an HMAC-signe","HomeFamily/pet-care","https://proofof.ai","https://www.proofof.ai/.well-known/agent.json","live_well_known","0.3.0","1.0.0","7","EU AI Act compliance audit; DORA ICT-risk audit; NIS2 governance audit; Deepfake & content-authenticity marking (Article 50); Agent security — Guardian for Hives; DPIA / FRIA / IFU / TLPT generators; HMAC-signed attestation issuance + public verification","","api_key","verified_live_card","Fetched parseable Agent Card JSON from live well-known at https://www.proofof.ai/.well-known/agent.json","live domain probe","2026-06-11","proofof.ai"