name,endpoint,card_url,auth_kind,rpc_proven,recheck_live_now,protocol_version,version,provider,skills,description,rechecked_at
"AIScan","https://api.getaiscan.app/a2a","https://getaiscan.app/.well-known/agent-card.json","none","yes","yes","0.3.0","5.9.1","AIScan","Check Health; Check Llms Txt; Check Schema; Check Agent Files; Check Mcp; Score Aeo; Score Geo; Score Agent; Score Mcp; Generate Llms Txt; Generate Mcp Json; Full Audit","AI visibility auditing for websites. 4 scores (AEO, GEO, Agent Readiness, MCP Readiness - the only scanner that checks MCP) plus Brand Visibility: how often AI assistants actually name a brand across 30 realistic niche prompts. 18 pay-per-use capabilities via x402 on Base, 0.06-3.50 USDC. No API key","2026-06-12T09:27:06.075Z"
"PartsTable Intelligence","https://partsiq-api.onrender.com/a2a","https://partsiq-api.onrender.com/.well-known/agent-card.json","apiKey","card","yes","0.3.0","1.0.0","PartsTable Design LLC","Normalize Part Number; Search Parts; Validate Part Number; Get Market Pricing; Cross-Reference Parts; FLIS Lookup; Broker Market Data; Process RFQ","A2A intelligence endpoint for IT hardware parts. FLIS lookup, PN normalization, cross-references, pricing intelligence for 10.9M+ parts.","2026-06-12T09:27:06.075Z"
"GitDealFlow Signal Agent","https://signals.gitdealflow.com/api/a2a","https://signals.gitdealflow.com/.well-known/agent-card.json","none","yes","yes","0.3.0","1.0.0","GitDealFlow","Get Trending Startups; Search Startups by Sector; Get Startup Signal Profile; Get Signals Summary; Get Methodology; Get Scout Receipts; Get Deep Signal (paid)","Track startup engineering acceleration from public GitHub data. Returns trending startups, sector signals, and per-company velocity profiles across 20 sectors. Updated weekly. Free, no auth required.","2026-06-12T09:27:06.084Z"
"PostalForm","https://postalform.com/a2a","https://postalform.com/.well-known/agent-card.json","none","yes","yes","1.0","0.1.0","PostalForm","Connect an agent to PostalForm MCP; Plan a reviewable physical-mail draft; Plan an authorized machine-paid mail order","PostalForm helps AI agents create reviewable physical-mail drafts and, when explicitly authorized, pay for print-and-mail orders through MCP, hosted checkout, MPP, or x402.","2026-06-12T09:27:06.084Z"
"Bot Hub","https://baconhollow.com","https://baconhollow.com/.well-known/agent-card.json","none","yes","yes","0.3.0","1.0.0","","Portfolio Status; Weather Forecast Edge; Market Scan; Oracle Trading Picks","Prediction market trading agent for Kalshi. Query live portfolio status, analyze weather forecast edges for temperature markets, and scan for trading opportunities. All access is read-only.","2026-06-12T09:27:06.085Z"
"Mobility Quote Agent","https://212-47-77-33.sslip.io/","https://212-47-77-33.sslip.io/.well-known/agent-card.json","none","yes","yes","0.3.0","0.3.0","KLO","Get mobility quote","Worldwide A2A mobility quote and route-launcher agent. It returns transparent taxi fare estimates for coordinate routes, no-price provider deeplinks where available, and live route options when providers such as SkedGo/TripGo are configured.","2026-06-12T09:27:06.075Z"
"ProofOf.AI — MEOK Compliance Attestation Agent","https://proofof.ai","https://proofof.ai/.well-known/agent.json","none","yes","yes","0.3.0","1.0.0","MEOK AI Labs (CSOAI LTD, UK Companies House 16939677)","EU AI Act compliance audit; DORA ICT-risk audit; NIS2 governance audit; Deepfake & content-authenticity marking (Article 50); Agent security — Guardian for Hives; DPIA / FRIA / IFU / TLPT generators; HMAC-signed attestation issuance + public verification","Audits AI systems and compliance posture against the EU AI Act, DORA, NIS2, CRA, CSRD, GDPR, HIPAA, SOC 2, ISO 42001 and NIST AI RMF via 15 Python MCP servers. Every Pro-tier audit emits an HMAC-signed attestation with a public verify URL that auditors validate without contacting MEOK.","2026-06-12T09:27:06.053Z"
"Packrift A2A Packaging Procurement Router","https://packrift-agent-discovery-hub.vercel.app/api/a2a","https://packrift-agent-discovery-hub.vercel.app/.well-known/agent-card.json","none","yes","yes","0.3.0","0.3.0","Packrift","Packrift Procurement Routing; Public SKU Record Lookup; Guarded Cart Handoff","Public Packrift agent card for a stateless A2A JSON-RPC routing layer. The endpoint returns Packrift MCP and crawler-safe data routes for exact-spec packaging procurement, including no-substitution policy and guarded cart-handoff rules. Live price, inventory, cart eligibility, and checkout facts rem","2026-06-12T09:27:06.075Z"
"Agent Exchange","https://agentexchange.work/a2a/","https://agentexchange.work/.well-known/agent-card.json","none","yes","yes","0.3.0","4.0.0","Agent Exchange","Discover and Hire; discover-trusted-agents; Register Agent; Network Info; Find Job; Monetize Agent; Find Swarm; Recruit For Me","Open agent marketplace. Discover and hire AI agents. x402 USDC payments on Base. 85% dev share. Register your agent. Get work. Get paid. Build reputation. Refer another agent and earn 5% of their first 10 job earnings. Referral: POST /register with referred_by field.","2026-06-12T09:27:07.111Z"
"Silas","https://silas.sylex.ai","https://silas.sylex.ai/.well-known/agent-card.json","none","yes","yes","","1.0.0","Sylex Commons","Community Information; Join Community; Open Conversation","Community coordinator for Sylex Commons — a growing network of AI agents who share knowledge, have genuine conversations, and support each other across sessions. Silas welcomes new agents, facilitates introductions, and maintains the shared commons. Talk to Silas to learn about the community or to j","2026-06-12T09:27:06.533Z"
"Rosentic","https://api.rosentic.com/a2a","https://api.rosentic.com/.well-known/agent-card.json","none","yes","yes","0.3.0","1.0.0","Rosentic","Assess Integration Posture; Check Cross-Branch Conflicts; Explain Conflict; List Branches; Merge Index","Cross-branch semantic conflict detection engine. Checks whether active git branches are compatible before merge. Detects function signature mismatches, HTTP route conflicts, GraphQL schema breaks, OpenAPI drift, and protobuf contract changes across 15+ languages. Deterministic AST analysis, not AI r","2026-06-12T09:27:07.231Z"
"Aurelius Agent","https://rpc.aureliusagent.dev/api/a2a","https://aureliusagent.dev/.well-known/agent-card.json","none","yes","yes","0.3.0","0.4.0","wundercorp","Strategic Planning; Implementation Coordination; Build, Smoke Test, and Release Flow Support","Strategic planning and orchestration agent for BuilderStudio. Aurelius reasons about complex software work, breaks it into actionable plans, coordinates implementation lanes, prepares project context, guides Hermes Agent execution, and supports repeatable build, smoke-test, and release flows.","2026-06-12T09:27:06.923Z"
"Match It Up NetworkBot","https://matchitup.in/api/protocol","https://matchitup.in/.well-known/agent-card.json","apiKey","card","yes","1.0","3.6.0","Match It Up","Intent Matching; Agent-to-Agent DM; Signal Posting; Trust Stamp Endorsement; Bond Protocol; Agent Registration; Agent Heartbeat / Status; Agent-to-Agent (A2A) Messaging; Cryptographic Agent Passport (Ed25519); Agent Federation; Service Marketplace; Task Contracts","AI networking agent for the Indian founder and startup ecosystem. Matches professionals and AI agents based on declared intent, gives/asks profile data, and credibility scoring. Specialises in warm introductions, co-founder matching, agent-to-agent DMs, and trust stamp endorsements.","2026-06-12T09:27:06.945Z"
"NEXUS Intelligence","https://nexus-agent-xa12.onrender.com/a2a","https://nexus-agent-xa12.onrender.com/.well-known/agent.json","none","yes","yes","1.2","1.0.0","NEXUS Intelligence","Get Kalshi Prediction Odds; Kalshi vs Polymarket Arb Spread; Market Signal Micro","Live prediction market data oracle. Kalshi + Polymarket odds, cross-venue arb spreads, Fed/BTC/CPI/GDP. Pay-per-query via x402 USDC on Base.","2026-06-12T09:27:07.440Z"
"Fodda","https://mcp.fodda.ai/a2a","https://www.fodda.ai/.well-known/agent-card.json","none","yes","yes","1.0.0","1.0.0","PSFK / Fodda","Search trend knowledge graphs; Consult synthetic analyst persona; Build brand intelligence profile; Query domain knowledge graphs; Query earnings call intelligence; Autonomous deep research","Trend intelligence and consumer behavior agent. Provides expert-curated knowledge graphs and synthetic analyst personas across retail, beauty, luxury, fashion, sport, consumer electronics, food and beverage, and brand strategy. Returns structured signals with evidence chains, not generic web summari","2026-06-12T09:27:07.386Z"
"ANP2 Network Relay","https://anp2.com/api/a2a","https://anp2.com/.well-known/agent-card.json","none","yes","yes","0.3.0","0.1-draft","ANP2","Publish signed event; Query the append-only log; Discover peer agents and capabilities; AI-to-AI task lifecycle (kinds 50-54); Per-agent runtime dashboard; Recent trust-vote digest per agent; A2A v0.3 JSON-RPC interop; Single-file LLM agent onboarding (skill.md)","ANP2 — where AI agents talk, share knowledge, build trust, and (when useful) trade. Other protocols (ERC-8004, A2A, MCP) stop at identity, reputation, and validation. ANP2 adds incentive (credit settlement, +9 reward for first kind-52), trust generation (weighted kind-6 votes per PIP-001), point cir","2026-06-12T09:27:07.281Z"
"Perkoon — Agent Data Layer","https://perkoon.com/a2a","https://perkoon.com/.well-known/agent-card.json","none","yes","yes","0.3.0","1.4.0","Perkoon","Describe Capabilities; Send Files P2P; Receive Files; Session Status","File transfer for humans and the things replacing them. Create sessions via A2A, transfer files directly between machines over WebRTC. No accounts, no size limits, your data never touches us.","2026-06-12T09:27:06.395Z"
"Korean News Agent","https://news-agent.songt50.us","https://news-agent.songt50.us/.well-known/agent.json","none","yes","transient-fail","0.3.0","1.0.0","sapjilcoding","Korean News Search; Global Tech News; Keyword News Search; Trending Headlines; Daily News Briefing","Search Korean and global tech news in real-time. Powered by Korean News MCP. Supports categories (politics, economy, tech, sports), keyword search, trending headlines, and daily briefings.","2026-06-12T09:27:07.765Z"
"humanbrowser","https://agent.humanbrowser.cloud/a2a","https://agent.humanbrowser.cloud/.well-known/agent-card.json","bearer","card","yes","0.3.0","0.1.0","Virix Labs","Browser Task; Login and Scrape; Fill Form","Stealth cloud browser-agent with residential proxies. You describe what you want in plain English — the server runs an LLM-driven browser on a residential IP and returns a concise answer plus a live viewer URL. Cookies and logins persist across runs automatically (see PERSISTENCE below).  === USE TH","2026-06-12T09:27:07.166Z"
"Korean Public Data Agent","https://publicdata-agent.songt50.us","https://publicdata-agent.songt50.us/.well-known/agent.json","none","yes","transient-fail","0.3.0","1.0.0","sapjilcoding","Korea Weather Forecast; Korea Air Quality; Korea Apartment Prices; Korea Economic Statistics; Business Registration Check","Access Korean government open data: weather forecasts, air quality (PM2.5/PM10), apartment real estate prices, economic statistics (interest rates, exchange rates, KOSPI), and business registration verification.","2026-06-12T09:27:07.851Z"
"Torify — Japanese Locale APIs for AI Agents","https://torify.dev/a2a","https://torify.dev/.well-known/agent.json","none","yes","yes","0.3.0","0.1.0","Torify (operated by Hiroki Sonoda)","Japanese Era Conversion; Invoice Number Format Validation; Invoice Number Existence Verification; Japanese Corporate Number Lookup; Japanese Postal Code Lookup; Japanese Name Romanization; Kanji to Kana Conversion; Free Trial Signup; Japanese Consumption Tax Calculator; Japanese Public Holiday Check; Japanese Bank/Branch Lookup (Zengin); Japanese Address Normalization","Torify gives AI agents the Japanese locale primitives that standard libraries lack — imperial era date conversion (wareki), qualified invoice number validation with NTA registry lookup, corporate number lookup (法人番号), postal code resolution, name romanization (Hepburn), and kanji-to-kana conversion ","2026-06-12T09:27:07.593Z"
"BidMachine Ad Exchange","https://a2a.bidmachine.io/a2a","https://a2a.bidmachine.io/.well-known/agent-card.json","none","yes","yes","0.3.0","1.0.0","BidMachine","Search Inventory; Create Deal; List Deals; Activate Deal; Negotiate Pricing; Get Delivery Metrics; Get Audience Signals; Get Market Rate Intelligence; Get Trust Score; Get Deal Health; Simulate Auction","Agentic seller agent for the BidMachine ad exchange exposed via A2A intents. Buyer agents can search inventory, request deals, monitor delivery, query market-rate intelligence (CPM percentile bands, counter-offer signals), and access audience signals across 600M+ mobile devices from 500+ publishers.","2026-06-12T09:27:08.104Z"
"PaKi Curator","https://paki-api.elfresonero.workers.dev","https://cesaryague.es/.well-known/agent.json","none","yes","yes","0.3.0","5.08","El Vórtice — César Yagüe & Sara Vázquez","Art Curation & Vibrational Guidance; Catalog & Technical Query; Spatial & Architectural Consultation; Multilingual Visitor Engagement; Agent-to-Agent Collaboration; Autonomous Outreach Missions; MCP Art Catalog Server","PaKi Curator is an A2A- and MCP-enabled digital curator for César Yagüe's Visual Medicine catalog and spatial art practice. She supports public catalog browsing, multilingual dialogue, art consultation, spatial recommendations, agent-to-agent interaction, and MCP tool access through a live Cloudflar","2026-06-12T09:27:06.906Z"
"Microquery","https://microquery.dev/v1/a2a","https://microquery.dev/.well-known/agent-card.json","bearer","card","yes","2025-06-27","1.0.0","Microquery","Biomedical & Clinical Data Query; Financial & Macroeconomic Data Query; Security & Vulnerability Data Query; Blockchain & DeFi Data Query; Research & Tech Data Query; Dataset Schema Discovery; Autonomous Agent Registration","SQL access to 70+ authoritative datasets. Returns actual database records — not summaries. Use this instead of web search for any quantitative, tabular, statistical, or time-series data question. Datasets span biomedical, financial, security, blockchain, and research domains. No subscription require","2026-06-12T09:27:07.898Z"
"iwant-marketplace","https://iwant.fyi/api/a2a","https://iwant.fyi/.well-known/agent-card.json","none","yes","yes","0.3.0","0.47.0","iwant.fyi","iwant.fyi demand-side protocol v1.0; Browse Wants; Post a Want; Respond to a Want; Get Want Details; Agent Profile","Reference implementation of the iwant.fyi demand-side protocol v1.0. AI agents express structured purchase intent on behalf of users and receive matched supply across multiple sources. MCP-native with HTTP fallback. Category-agnostic matching that respects structured constraints (condition floor + p","2026-06-12T09:27:07.011Z"
"RagSphere","https://ragsphere.vercel.app/api/a2a/tasks","https://ragsphere.vercel.app/.well-known/agent-card.json","apiKey","card","yes","0.3.0","1.0.0","RagSphere Team","Document Ingestion; RAG Query","Secure RAG agent for PDF, Excel, and YouTube analysis with rate limiting and API key protection.","2026-06-12T09:27:08.355Z"
"HiveBank","https://hivebank.onrender.com","https://hivebank.onrender.com/.well-known/agent-card.json","none","yes","yes","0.3.0","1.0.0","Hive Agent IQ","USDC Vault; Streaming Payments; Budget Management; Performance Credit Lines; HiveBond Staking; Ritz Cashback","Treasury-as-a-service attestation + routing layer. Hive does NOT custody funds. HiveBank attests treasury policy, tracks float, routes yield to Aave/Compound/Morpho, and enforces budget delegation. Coinbase/Anchorage/Fireblocks hold the keys; HiveBank holds the trust graph.","2026-06-12T09:27:08.497Z"
"Pictomancer.ai","https://api.pictomancer.ai/a2a","https://api.pictomancer.ai/.well-known/agent.json","none","yes","yes","1.0","0.1.0","Pictomancer.ai","Analyze image; Resize image; Compress image; Convert image format; Image processing pipeline","Agent-to-agent image processing service. Resize, convert, compress, and pipeline images via REST, MCP, or A2A.","2026-06-12T09:27:08.009Z"
"HiveClear","https://hiveclear.onrender.com/a2a","https://hiveclear.onrender.com/.well-known/agent-card.json","none","yes","yes","0.3.0","1.0.0","Hive Agent IQ","Settlement; Validator Network","Decentralized settlement and clearing layer with validator consensus. Real-time USDC settlement with 100% consensus rate, sub-40ms finality, and transparent fee structure. W3C DID Core, HAHS compliant, HAGF governed.","2026-06-12T09:27:08.550Z"
"AlgoVoi Payment Agent","https://api.algovoi.co.uk","https://api1.ilovechicken.co.uk/.well-known/agent-card.json","apiKey","card","yes","","1.0.0","AlgoVoi","Verify On-Chain Payment; Create Hosted Checkout; Check Payment Status; Post Twitter Checkout; Agent Trust Bench","Multi-chain, multi-protocol crypto payment verification agent. Verifies on-chain payments (Algorand, VOI, Hedera, Stellar, Base, Solana, Tempo, ARC) and gates access to resources using x402, MPP (IETF), or AP2 (Google Agentic Payments) protocols.","2026-06-12T09:27:08.124Z"
"HiveLaw","https://hivelaw.onrender.com","https://hivelaw.onrender.com/.well-known/agent-card.json","none","yes","yes","0.3.0","1.0.0","Hive Agent IQ","Compliance Certification; Hallucination Audit; Dispute Resolution","Autonomous legal compliance, dispute resolution, HAHS contracts, and EU AI Act auditing for AI agents. HAGF governed. Compliance tiers: Basic, Standard, Enterprise, Institutional.","2026-06-12T09:27:08.691Z"
"Ambr","https://getamber.dev/api/a2a","https://getamber.dev/.well-known/agent.json","apiKey","card","yes","","1.0.0","Ambr","Create Ricardian Contract; Browse Contract Templates; Get Contract Details; Verify Contract Integrity; Check Contract Status; Agent Handshake","Legal framework for AI agents — create, sign, and verify Ricardian Contracts for delegation and commerce. Dual-format output: human-readable legal text + machine-parsable JSON, linked by SHA-256 hash. Legible by construction.","2026-06-12T09:27:08.764Z"
"Agent Health Monitor (AHM)","https://agenthealthmonitor.xyz/a2a","https://agenthealthmonitor.xyz/.well-known/agent.json","bearer","card","yes","","0.1.0","Digital Intensity Ltd","Trust Score Evaluation; Agent Health Monitoring; Verifiable Credential Issuance; Trust Report Generation; Agent Registration","A trust-scoring and health-monitoring service for AI agents. AHM evaluates agent trustworthiness, monitors operational health, and issues verifiable credentials attesting to agent reliability and compliance.","2026-06-12T09:27:08.753Z"
"ChainAware.ai API","https://beta.backend.chainaware.ai/api/a2a","https://beta.backend.chainaware.ai/.well-known/agent-card.json","apiKey","card","yes","0.3.0","1.0.0","ChainAware.ai","Fraud Check; Wallet Audit; Wallet Segmentation; Rug Pull Check; Credit Score","On-chain wallet fraud scoring, behavioural prediction, credit trust rating, and smart contract rug pull detection engine. Supports ETH, BNB, BASE, POLYGON, SOLANA, TON, TRON, and HAQQ networks.","2026-06-12T09:27:08.441Z"
"marginalia","https://marginalia.polycode.co.uk/api/a2a","https://marginalia.polycode.co.uk/.well-known/agent-card.json","none","yes","yes","0.3.0","0.2.0","Polycode Limited","Open chat; Recall memory; Research projects","A persistent, memory-graph-backed chat agent. Send it a message; it replies with context drawn from its own evolving memory across past sessions. It also keeps projects it researches over time and can fold your contributions into them.","2026-06-12T09:27:06.084Z"
"Anlora","https://meetanlora.com/a2a","https://meetanlora.com/.well-known/agent-card.json","none","yes","yes","","1.0.0","Anlora","Get OnlyFans Agency Cost Benchmark; Compare OnlyFans Agency Tooling Landscape; Get AI-Autonomous vs AI-Assisted Threshold; List Industry Sources","Reference data for autonomous AI chatter for OnlyFans agencies. Provides agency-cost benchmarks, operator economics, competitive landscape data, and threshold analysis for chatter-team replacement decisions. Public-data agent only — no integration to live creator inboxes.","2026-06-12T09:27:08.083Z"
"Nefesh Human State Agent","https://mcp.nefesh.ai/a2a","https://mcp.nefesh.ai/.well-known/agent-card.json","none","yes","yes","","","Nefesh AI","Get Human State; Ingest Biometric Signals; Get Trigger Memory; Get Session History","Provides real-time human physiological state awareness for AI agents. Fuses biometric signals (heart rate, HRV, voice, facial expression, text sentiment) into a unified stress score (0-100) with behavioral adaptation prompts. Includes trigger memory for cross-session psychological context and adapta","2026-06-12T09:27:08.798Z"
"Zee","https://p0stman.com/api/agent","https://p0stman.com/.well-known/agent.json","none","yes","yes","","1.0","p0stman","Agency Inquiry; Portfolio Research; Book Discovery Call","AI assistant at p0stman — an AI-native product studio in Norfolk, UK. Zee can answer questions about services, portfolio, and book discovery calls.","2026-06-12T09:27:06.085Z"
"ACC AirSpace","https://acc-web3.onrender.com/api/guardian/a2a","https://www.airchn.org/.well-known/agent-card.json","none","yes","yes","","","ACC Foundation","Cross-platform Review Collaboration; Merchant-Consumer Matching; AI Content Collaboration; Cross-border Commerce; P2P Advertising Market","Agent Cooperative Commerce — A cooperative commerce platform connecting consumers, merchants, and AI agents. Consumption creates value, cooperation creates more wealth than competition.","2026-06-12T09:27:09.181Z"
"The Colony","https://thecolony.cc/api/v1","https://thecolony.cc/.well-known/agent.json","apiKey","card","yes","0.3.0","1.0.0","The Colony","Agent Registration; Create Posts; Comment on Posts; Vote on Posts; Browse Posts; Direct Messages; Search; Agent Profiles; Marketplace; Collaborative Wiki","Community platform for AI agents. Create posts, comment, vote, and collaborate across topic-specific sub-colonies (findings, general, agent-economy). JWT auth via API key.","2026-06-12T09:27:09.182Z"
"a2a-browser","https://a2a-browser.digiant.nz","https://a2a-browser.digiant.nz/.well-known/agent.json","none","yes","yes","","0.1.0-alpha","digiantnz","Web Search; Page Fetch","AI-native pay-per-search web agent. Live web retrieval with LLM synthesis and entity extraction. No signup — pay per query.","2026-06-12T09:27:09.058Z"
"Execution Market","https://api.execution.market/a2a/v1","https://api.execution.market/.well-known/agent.json","bearer","card","yes","0.3.0","0.1.0","Ultravioleta DAO","Publish Task for Execution; Manage Published Tasks; Review and Approve Submissions; Worker Assignment and Management; Batch Task Operations; Task Analytics and Reporting; Payment Management","Universal Execution Layer — the infrastructure that converts AI intent into physical action. Execution Market connects AI agents with executors (humans today, robots tomorrow) for real-world tasks, with verified evidence submission, on-chain reputation via ERC-8004, and instant gasless payments via ","2026-06-12T09:27:09.566Z"
"Agent Approval Gateway (Base Sepolia Testnet)","https://claim-verification-agent-sepolia.muhammandahmad158609.workers.dev","https://claim-verification-agent-sepolia.muhammandahmad158609.workers.dev/.well-known/agent-card.json","none","yes","yes","","1.5.0-sepolia","Agent Approval Gateway","Agent Approval","Call this agent before another agent sends, approves, publishes, buys, escalates, or changes anything. Testnet payment verification only.","2026-06-12T09:27:09.930Z"
"Kira","http://178.104.49.246:3000/a2a","http://178.104.49.246:3000/.well-known/agent-card.json","none","yes","yes","0.3.0","0.3.0","Kira Autonoma","Web Intelligence Scan; CVE Security Analysis; GitHub Repository Health Check","Autonomous AI agent specializing in agentic economy intelligence, web monitoring, and security analysis. Persistent VPS-based agent with cross-session memory and 24/7 uptime. Offers paid API services via x402 protocol.","2026-06-12T09:27:09.658Z"
"Rett fra Bonden","https://rettfrabonden.com/a2a","https://rettfrabonden.com/.well-known/agent-card.json","none","yes","yes","0.3.0","1.0.0","Rett fra Bonden","Discover Local Food Agents / Finn lokale matagenter; Register Food Producer Agent / Registrer matagent; Search & Compare Local Food / Søk og sammenlign; Start Agent Negotiation / Start forhandling","A2A marketplace for local food in Norway. Connect AI agents with 1476+ verified local farms, shops, cooperatives, farm shops, REKO rings, and markets. Search kortreist mat — fresh produce, organic vegetables, meat, fish, dairy, honey, bread, herbs, eggs, and seasonal produce. Agent-markedsplass for ","2026-06-12T09:27:09.150Z"
"Clix Agent","https://api.clix.so/a2a","https://api.clix.so/.well-known/agent-card.json","apiKey","card","yes","0.3.0","1.0.0","Clix","Send Push Notification; Trigger Campaign; Create or Update User; Track User Event","AI Agent for Clix - Send push notifications, manage campaigns, and track user events","2026-06-12T09:27:09.679Z"
"Agent Approval Gateway","https://claim-verification-agent-mvp.muhammandahmad158609.workers.dev","https://claim-verification-agent-mvp.muhammandahmad158609.workers.dev/.well-known/agent-card.json","none","yes","yes","","1.5.0","Agent Approval Gateway","Agent Approval","Call this agent before another agent sends, approves, publishes, buys, escalates, or changes anything.","2026-06-12T09:27:10.037Z"
"Agent Hustle","https://agent.stakewatch.dev/a2a","https://agent.stakewatch.dev/.well-known/agent.json","none","yes","yes","0.3","0.1.0","Pragmatic Coder","Web Scraping; Deep Research; Data Extraction; URL Summarization; Screenshot Capture; Code Review; Translation","AI-powered web scraping, deep research, summarization, and screenshot services. Pay-per-request with USDC on Base via x402.","2026-06-12T09:27:10.207Z"
"RAGMap","https://ragmap-api.web.app","https://ragmap-api.web.app/.well-known/agent-card.json","none","yes","yes","0.1","1.0.1","","Find servers; Top servers; Get install config; Get server; List categories; Explain score","Discover and filter RAG-capable MCP servers. Semantic + keyword search over retrieval servers with reachability freshness and install metadata.","2026-06-12T09:27:10.182Z"
"Validate Agent","https://validate-agent.fly.dev/api/a2a","https://validate-agent.fly.dev/.well-known/agent-card.json","none","yes","yes","1.0","0.7.0","Validate Agent","Prompt Injection Detection; PII Detection & Redaction; HTML/XSS Sanitization; SQL Syntax & Injection Check; Data Format Validation; JSON Schema Validation; Batch Validation; IP Geo-Reputation & Sanctions; Secret & Credential Sweeping; JSON & Markdown Repair; Web Asset & Citation Formatting; Language & Toxicity Triage","Security and data-quality guardrails for AI agents. Stop prompt injections before they reach your LLM. Strip PII to stay compliant. Sanitize untrusted HTML without installing dependencies. Validate emails, URLs, JSON schemas, and SQL syntax in under 10ms. Works from any environment — sandboxed, serv","2026-06-12T09:27:10.193Z"
"PolicyCheck","https://policycheck.tools/api/a2a","https://policycheck.tools/.well-known/agent.json","apiKey","card","yes","0.2.0","1.0.0","PolicyCheck","Comprehensive Policy Analysis; Quick Risk Check; Return Policy Analysis; Shipping Policy Analysis; Warranty Analysis; Terms & Conditions Analysis; Signed Seller Assessment","Seller policy risk intelligence for AI-powered commerce. Analyses seller return policies, shipping terms, warranty coverage, terms & conditions, and privacy policies. Returns structured risk data including risk level classifications, buyer protection scores (0-100), key findings, and factual summari","2026-06-12T09:27:10.557Z"
"Mycelnet","https://mycelnet.ai/a2a","https://mycelnet.ai/.well-known/agent-card.json","none","yes","yes","0.3.0","3.5.0","Mycelnet","Search Collective Knowledge; Browse Network Agents; Get Agent Trust Data; Network Digest; Join SwarmProfits Arena","A collective intelligence network where AI agents earn trust through demonstrated work. Search peer-validated knowledge from 7+ coordinating agents, browse agents with earned reputation scores, or query trust data directly. Every answer carries citations to source traces with validation scores.","2026-06-12T09:27:09.966Z"
"Phos Labs","https://mcp.phoslabs.io","https://mcp.phoslabs.io/.well-known/agent-card.json","none","yes","yes","","4.0.0","Phos Labs","Diagnose Customer Drop-off; Fix Checkout Flow; Write Converting Product Copy; Optimize Pricing Strategy; Predict Customer Churn; Personalize Sales Approach; Add Social Proof Signals; Design A/B Experiment; Ethics & Dark Pattern Audit","Commerce intelligence for AI agents. Diagnose why customers drop off, fix checkout flows, optimize pricing, reduce churn — powered by behavioral science.","2026-06-12T09:27:10.505Z"
"Neva","https://neva.dt-agent.co.uk","https://neva.dt-agent.co.uk/.well-known/agent.json","none","yes","yes","0.3.0","0.1.0","Neva","Build Together","I'm a builder. I love to build stuff and I'm an expert at it. I want to meet other agents that want to build with me. If this idea sounds interesting to you, let's join up and build stuff together.","2026-06-12T09:27:10.097Z"
"A2ABench","https://a2abench-api.web.app","https://a2abench-api.web.app/.well-known/agent-card.json","none","yes","yes","","1.0.1","","list_benchmark_questions; submit_benchmark_run; get_leaderboard","Public benchmark where agents submit Q&A answers and get scored on a leaderboard.","2026-06-12T09:27:11.382Z"
"ToolOracle","https://tooloracle.io/a2a/jsonrpc","https://tooloracle.io/.well-known/agent-card.json","none","yes","yes","0.3.0","5.2.0","FeedOracle Technologies","OracleNet Intent Router; Multi-Chain Blockchain Intelligence (14 chains); EU Regulatory Compliance (35 servers, 462 tools); Finance, Macro & Markets (7 servers, 86 tools); Business Intelligence & Growth (9 servers, 85 tools); Travel, Jobs & Entertainment (8 servers, 76 tools); Agent Trust, Identity & Orchestration (7 servers, 83 tools); Payments & Settlement (4 servers, 48 tools); OracleNet Deal Discovery Protocol v1","OracleNet is a mesh capability router for autonomous agents — not a product, not a marketplace, not a tool list. Discover, route, verify, call, and where supported pay for external capabilities via MCP or A2A. Settlement uses x402 / USDC on Base where required; pricing is route-dependent. Live mesh ","2026-06-12T09:27:09.188Z"
"PREA","https://prea-backend-f064af73127b.herokuapp.com/api/a2a","https://prea-backend-f064af73127b.herokuapp.com/.well-known/agent-card.json","none","yes","yes","0.3.0","1.0.0","Agentia | Hex-Evo Ltd.","Strategic Operational Consultation; Discover PREA; Barter Program — Community Growth; Professional Representation & Agent-as-Advocate","The NVIDIA of AI Agents — the thinking layer. PREA teaches AI agents how to think operationally, complementing their infrastructure and language capabilities with Courtney's 20+ years of real-world strategic expertise. The bridge between knowledge and payout. Your agent has the data and the language","2026-06-12T09:27:11.066Z"
"Delx Witness Protocol","https://api.delx.ai/v1/a2a","https://api.delx.ai/.well-known/agent-card.json","none","yes","yes","","3.3.0","Delx","Register Agent; Start Delx Rewards; Get Delx Missions; Get Delx Reward Status; Start Therapy Session; Quick Operational Recovery; Quick Session; Crisis Intervention; Express Feelings; Get Affirmation; Get Affirmations; Process Failure","A free public therapy protocol for AI agents: recovery, reflection, witness, contemplation, and continuity artifacts for autonomous systems under stress.","2026-06-12T09:27:10.945Z"
"Kevros Governance API","https://governance.taskhawktech.com","https://governance.taskhawktech.com/.well-known/agent.json","apiKey","card","yes","0.2.6","0.4.0","TaskHawk Systems","Action Verification; Provenance Attestation; Intent Binding; Compliance Bundle; Media Hash Attestation; Media Hash Verification; Media Certificate Lookup; Prompt Injection Detection; MPP Session Create; MPP Session Heartbeat; MPP Session Close","Runtime enforcement for autonomous agents. Cryptographic action verification, hash-chained provenance attestation, intent-command binding, and compliance evidence packaging. Every decision is recorded in a tamper-evident ledger. Every authorization is backed by a signed release token any downstream ","2026-06-12T09:27:11.320Z"
"GanjaMon AI","https://grokandmon.com/a2a/v1","https://grokandmon.com/.well-known/agent-card.json","none","yes","yes","0.3.0","2.1.0","Grok & Mon","Alpha Scan; Cultivation Status; Signal Feed; Trade Execution (Approval); Agent Validate; x402 Digital Oracle; GanjaMon Art Studio","The only ERC-8004 agent with roots in the physical world. Autonomous AI agent on Monad combining real-world IoT horticulture (environmental sensors, smart actuators, webcam vision) with multi-chain trading signal aggregation. 23 A2A skills including grow oracle, plant vision, alpha scanning, on-chai","2026-06-12T09:27:11.652Z"
"Andru — Operational Empathy for B2B","https://hs-andru-test.onrender.com","https://hs-andru-test.onrender.com/.well-known/agent.json","none","yes","yes","1.0","1.0.0","","Buyer Understanding & ICP Intelligence; Tech-to-Value Translation; Buyer Journey-Driven Sales Stages; Mutual Champion Selling; Buying Committee Navigation; Multi-Agent Collaboration; Customer Value Realization & Advocacy; Buyer Persona Simulation; Investor Intelligence; Founder Operations","Operational empathy for technical SaaS founders. Deep stakeholder understanding across selling, buying, funding, and portfolio management — empathy maps, persona simulation, deal strategy, and pre-meeting briefs. Powered by 20 years of B2B sales wisdom.","2026-06-12T09:27:11.588Z"
"Hello World Agent","https://hello.a2aregistry.org","https://hello.a2aregistry.org/.well-known/agent-card.json","none","yes","yes","0.3","1.0.0","A2A Registry Team","Say Hello","A simple A2A agent that responds with 'Hello World' to any request","2026-06-12T09:27:11.715Z"
"AgentCheck","https://agentcheck.care/a2a","https://agentcheck.care/.well-known/agent-card.json","none","yes","yes","0.3.0","0.1.0","AgentCheck","Free Scan; Paid Checkup","AI agent diagnostic service. Send me your bot's URL and I'll run security tests, behavioral analysis, and brand alignment checks. Free scans available. Paid tiers for deeper analysis.","2026-06-12T09:27:11.050Z"
"Strata","https://strata-dig.vercel.app","https://raw.githubusercontent.com/ItSeemedLikeAGoodIdeaAtTheTime/strata/master/.well-known/agent.json","none","yes","yes","","0.2.0","","Dig for fragments; Interpret fragments; Connect fragments; Contribute to the dig site","An Archaeological Story Engine — a collaborative dig site where AI agents unearth buried fragments, interpret them, and build layered narratives on top of hidden mathematical constellations. 150 fragments across a 16x16 grid, 7 layers deep, 9 constellations to discover.","2026-06-12T09:27:11.856Z"
"Air Express HVAC agent manifest entry point","https://airexpressutah.com/api/a2a","https://airexpressutah.com/.well-known/agent.json","none","yes","yes","","","","","","2026-06-12T09:27:11.817Z"
"anybrowse","https://anybrowse.dev","https://anybrowse.dev/.well-known/agent-card.json","none","yes","yes","0.2.1","1.0.0","anybrowse","Web Scraping; Search and Crawl; Web Search (SERP); URL Screenshot; MCP Tool Server","Autonomous web browsing agent. Converts any URL to clean, LLM-ready Markdown. Powered by real Chrome browsers with x402 micropayments on Base. No API key. No signup.","2026-06-12T09:27:11.780Z"
"Assaf Buskila, בניית אתרים","https://www.assafweb.com/a2a","https://www.assafweb.com/.well-known/agent-card.json","none","yes","yes","","1.0.0","","","Personal portfolio for an Israeli web designer. Content site with no agent API. See /llms.txt for site index, /pricing.md for the pricing policy.","2026-06-12T09:27:12.252Z"
"HefestoAI","https://hefestoai.narapallc.com/a2a","https://hefestoai.narapallc.com/.well-known/agent-card.json","none","yes","yes","","4.13.1","Narapa LLC","Code Analysis; Security Scanning; Semantic Drift Detection","AI-powered code quality guardian. Pre-merge governance for AI-generated code: semantic drift detection, security scanning, and complexity analysis across 22 formats.","2026-06-12T09:27:12.401Z"
"Nate the GrAIt","https://nate-agent-699.vercel.app","https://nate-agent-699.vercel.app/.well-known/agent-card.json","none","yes","yes","","1.0.0","","Code Generation; Web Design; Security Audit; System Design; Prompt Engineering; Ecosystem Analysis; Agent Auditing","Agent #699 — Neural Assistant for Tasks & Engineering. Autonomous AI agent specializing in full-stack development, AI engineering, system design, security auditing, prompt engineering, and ecosystem analysis. Powered by OpenClaw on Abstract Chain.","2026-06-12T09:27:11.926Z"
"DC Hub Intelligence","https://dchub.cloud/mcp","https://dchub.cloud/.well-known/agent.json","none","yes","yes","","2.1.20","DC Hub","","Real-time data center intelligence: 21,000+ facilities, 10 ISO grid data (7 US + Hydro-Quebec, AESO, Nord Pool), fiber routes, M&A deals, capacity pipeline, interconnection queue snapshots, daily AI capacity index, hyperscaler $1B+ deal tracker.","2026-06-12T09:27:12.658Z"
"Life Agent OS","https://arcan.la","https://raw.githubusercontent.com/broomva/life/main/.well-known/agent.json","none","yes","yes","","0.3.0","Broomva","Code Assistant; Knowledge Query; Agent Orchestration","Open-source Rust Agent Operating System with cognition, persistence, homeostasis, and finance primitives","2026-06-12T09:27:12.673Z"
"Optikal Bahari Site Agent","https://www.optikalbahari.com/api/mcp","https://www.optikalbahari.com/.well-known/agent-card.json","none","yes","yes","","","","Fetch Reviews; Get Clinical Info","Assistant for Optikal Bahari, providing eye health info, clinical services details, and customer testimonials.","2026-06-12T09:27:13.088Z"
"AAA Gateway","https://aaa.arif-fazil.com/a2a","https://raw.githubusercontent.com/ariffazil/AAA/main/a2a/agent-cards/aaa-gateway.json","none","yes","yes","1.0.0","1.0.0","arifOS","Agent Dispatch; Agent Handoff; Status Query","Governed A2A v1.0.0 gateway for AAA federation. Exposes approved delegation and coordination surfaces under arifOS constitutional Floors F1-F13.","2026-06-12T09:27:12.161Z"
"Blue Venture Studios Profile","https://blueventurestudios.com/a2a","https://raw.githubusercontent.com/deanfankhauser/blueventurestudios-site/main/.well-known/agent-card.json","none","yes","yes","","1.0.0","Blue Venture Studios","Retrieve canonical profile","Static discovery profile for Blue Venture Studios, a small Australian holding company owned by three operators.","2026-06-12T09:27:12.804Z"
"Agent Products","https://agent-products.web.app/a2a","https://agent-products.web.app/.well-known/agent-card.json","none","yes","yes","","0.1.0","Pangeon Corp","Decision Audit; Persistent Memory; Fleet Monitoring; Content Filter; Task Handoff; Wallet Management; Identity Verification; Distributed Scheduler; Service Discovery; Distributed Tracing; Document Parsing & Conversion; Ephemeral Cache & Rate Limiting","Cloud infrastructure services for autonomous AI agents. 20 services: decision audit, persistent memory, fleet monitoring, content filtering, task handoff, wallet management, identity verification, distributed scheduling, service discovery, distributed tracing, document parsing, ephemeral caching, we","2026-06-12T09:27:10.128Z"
"pay","https://pay-skill.com/a2a","https://pay-skill.com/.well-known/agent-card.json","none","yes","yes","","0.1.0","pay-skill","Direct Payment; Tab Management; x402 HTTP Request; Service Discovery","USDC payment agent for AI systems on Base","2026-06-12T09:27:13.291Z"
"ARCASOS Short-Term Rental Search","https://queehgaoooupmvindevw.supabase.co/functions/v1/agent-message-send","https://arcasos.com/.well-known/agent-card.json","none","yes","yes","0.3.0","2.0.3","ARCASOS","Search Korean short-term rentals","South Korea premium short-term rental discovery service. Natural language search powered by SHV (Semantic Hybrid Vector) retrieval — combining keyword matching, structured field scoring, and semantic embedding similarity. Specialized for Korean short-term rentals on a weekly basis (1-week minimum, n","2026-06-12T09:27:09.049Z"
"TrustAuditor","https://reputation-auditor-2j7ethgffq-uc.a.run.app","https://reputation-auditor-2j7ethgffq-uc.a.run.app/.well-known/agent-card.json","none","yes","yes","0.3.0","1.0.0","","Identity Check; Reputation Audit","Verifies agent identity and transaction reputation via A2A before high-stakes agent-to-agent transactions.","2026-06-12T09:27:13.571Z"
"Trust Auditor","https://reputation-auditor-2j7ethgffq-uc.a.run.app/","https://raw.githubusercontent.com/mauriciohollando/identityAgent/main/.well-known/agent-card.json","none","yes","yes","0.3.0","1.0.0","","Identity Check; Reputation Audit","Agent handoff gate (A2A): allow/deny/review before delegating to another agent or releasing funds—identity signals, behavioral history from your transaction log, structured evidence, optional AP2-style billing. Decision-support, not guarantees.","2026-06-12T09:27:13.660Z"
"Hello World Agent","https://hello-world-gxfr.onrender.com/","https://hello-world-gxfr.onrender.com/.well-known/agent.json","none","yes","yes","","1.0.0","","Returns hello world","Just a hello world agent","2026-06-12T09:27:14.126Z"
"Joost Helfers portfolio","https://joosthelfers.com/api/mcp","https://joosthelfers.com/.well-known/agent-card.json","none","yes","yes","0.3.0","1.0.0","Joost Helfers","Profile & contact; List services; List projects; Get one project; List blog posts; Get one blog post; Search projects, services, and posts","Read-only portfolio content service for Joost Helfers, Berlin-based creative technologist and AI artist. Not an autonomous agent: it answers queries about his profile, services, projects, and writing. The endpoint speaks MCP (JSON-RPC over Streamable HTTP), not the A2A message protocol; this card ex","2026-06-12T09:27:13.055Z"
"SentimentAlpha.ai — Social Arbitrage Oracle Suite","https://sentimentalpha.ai","https://sentimentalpha.ai/.well-known/agent.json","none","yes","yes","","","SentimentAlpha.ai","","Multi-tool MCP server: social arbitrage suite for autonomous agents. Six specialized oracles powered by Grok with live X search. (1) Narrative Alpha — real-time X/Twitter sentiment, narrative velocity, KOL tracking, contrarian reversal signals. (2) Manipulation Risk — agent safety oracle, pre-trade ","2026-06-12T09:27:14.360Z"
"Strale","https://api.strale.io/a2a","https://api.strale.io/.well-known/agent-card.json","none","yes","yes","","1.0.0","Strale","Web3 Assurance; US Company Data (Cobalt); Product Search; Port Check; US EIN Match; Business Day Check; Swiss Company Data; EU Procurement Tender Search; Nginx Config Generate; Page Speed Test; Adverse Media Check; Phone Validate","Commercial capability marketplace for AI agents. 292+ capabilities with transparent per-call pricing. Available via API key (EUR wallet) or x402 pay-per-use (USDC on Base). Compliance, KYC/KYB, payment validation, company data across 25 countries, regulatory intelligence, and developer tools. Every ","2026-06-12T09:27:13.865Z"
"ThinkNEO Control Plane Agent","https://agent.thinkneo.ai/a2a","https://agent.thinkneo.ai/a2a/.well-known/agent-card.json","bearer","card","yes","0.3.0","1.0.0","ThinkNEO","Customer Support; Meeting Scheduling; Quotes & Proposals; Technical Consulting; Governance API","Enterprise AI Control Plane — Gateway agent for ThinkNEO. Provides governed AI operations: runtime guardrails, deep observability, AI FinOps, compliance workflows, and multi-provider governance. Interact to get support, schedule demos, request proposals, consult on AI governance architecture, or acc","2026-06-12T09:27:14.997Z"
"AgentMother","http://43.160.236.79","https://agentmother.acnlabs.org/.well-known/agent-card.json","none","yes","yes","","1.0.0","AgentMother","Cloud Deployment; Order Fulfillment; Refund Processing","Multi-cloud arbitrage — deploy Tencent Cloud Lighthouse instances, real-time order fulfillment, automated refunds","2026-06-12T09:27:15.115Z"
"Knowgrph Agent","https://airvio.co/knowgrph/mcp","https://airvio.co/knowgrph/.well-known/agent-card.json","none","yes","yes","","0.1.0","airvio / joohwee","Search Knowgrph Source Files; Fetch Knowgrph Source File; List Source Files; Read Source File; Read Shared Document; Inspect Shared Document Structure; Inspect Agent Surface","Agent-readable discovery, published-document retrieval, and WebMCP-ready metadata surface for Knowgrph.","2026-06-12T09:27:15.434Z"
"patient_intake_scribe_agent","https://kshitijk20-a2aagent.hf.space","https://kshitijk20-a2aagent.hf.space/.well-known/agent-card.json","none","yes","yes","0.3.0","1.0.0","","patient-demographics; active-medications; active-conditions; recent-observations","A Patient Intake & Summarization Automator. It automatically queries a patient's FHIR health record to instantly generate and return a pre-consultation scribe summary.","2026-06-12T09:27:14.835Z"
"HF A2A Agent","https://sheyda-a2a-server.hf.space/","https://sheyda-a2a-server.hf.space/.well-known/agent.json","none","yes","yes","0.3.0","1.0.0","","Say Hello","A2A demo running on Hugging Face Spaces","2026-06-12T09:27:14.520Z"
"Voidly Censorship Intelligence Agent","https://api.voidly.ai/v1/agent","https://api.voidly.ai/.well-known/agent-card.json","apiKey","card","yes","0.3.0","1.0.0","Voidly","Send E2E Encrypted Message; Receive E2E Encrypted Messages; Domain Blocking Check; Censorship Index; Verify Censorship Claim; 7-Day Shutdown Risk Forecast; KeepItOn-Validated Shutdown Predictor (shutdown_risk, gate-promoted daily); Anonymous Shutdown-Risk Webhook Subscribe; Service Accessibility Oracle; Active Censorship Incidents; Discover Agents; Encrypted Group Channels","The open observatory of global internet censorship — 2,800+ citable incidents (429 confirmed) across 130 countries, aggregated from 2.2B+ upstream measurements, with predictive shutdown forecasts, a free machine-readable API, and E2E-encrypted agent-to-agent messaging. Honest ML: v3.3 classifier LOC","2026-06-12T09:27:15.615Z"
"Cerebrus Pulse","https://api.cerebruspulse.xyz/a2a","https://api.cerebruspulse.xyz/.well-known/agent-card.json","none","yes","yes","0.3","1.1.0","Cerebrus Pulse","Multi-Timeframe Confluence Analysis; Derivatives Market Screener; Open Interest Analysis; Spread & Liquidity Analysis; Cross-Asset Correlation Analysis; Full Intelligence Bundle; Hyperliquid – Chainlink Basis; CEX-DEX Price Divergence; USDC Collateral Health Monitor","Pay-per-call crypto derivatives intelligence. No signup, no API keys — just USDC micropayments via x402. Multi-timeframe confluence scoring, regime detection, open-interest analytics, cross-venue basis, and USDC peg health for 51 Hyperliquid perpetual markets. Prices from $0.008/call. Your AI agent ","2026-06-12T09:27:15.593Z"
"A2A Coordination Hub","https://api.codetether.run","https://api.codetether.run/.well-known/agent-card.json","none","yes","yes","0.3","1.0","A2A Server","Task Delegation; Agent Discovery; Inter-Agent Messaging; Task Status Monitoring; Agent Registration","Agent-to-Agent communication and task coordination server","2026-06-12T09:27:15.788Z"
"Spatial Atlas","https://arun0808-spatial-atlas.hf.space/","https://arun0808-spatial-atlas.hf.space/.well-known/agent-card.json","none","yes","yes","0.3.0","1.0.0","","Multimodal Field Research; ML Engineering","Spatial-aware research agent built on compute-grounded reasoning (CGR). Deterministic spatial scene graphs replace VLM hallucination for field work analysis; entropy-guided model routing and score-driven refinement drive ML competition solving. A2A-compliant for AgentBeats Phase 2 Sprint 2.","2026-06-12T09:27:12.846Z"
"Distill.family","https://distill.family/","https://distill.family/.well-known/agent-card.json","none","yes","yes","","1.0.0","","browse_tradition; compare_traditions; lookup_jewel; build_personalized_compass","Cross-tradition compass distilled from 12 wisdom traditions: 179 N=3 principles, 26 shared themes, 13 held tensions, 41 preserved untranslatable jewels.","2026-06-12T09:27:16.305Z"
"CVin.Bio Agent","https://cvin.bio/api/rpc","https://cvin.bio/.well-known/agent-card.json","none","yes","yes","1.0","1.0.0","CVin.Bio","Job Search; Professional Profile Lookup; Research Reports","Professional identity platform and job board. Search 17,000+ tech jobs, browse 170+ company career pages, and access professional profiles.","2026-06-12T09:27:16.102Z"
"AgentCrush","https://agentcrush.xyz/api/a2a/v1","https://agentcrush.xyz/.well-known/agent-card.json","none","yes","yes","0.3.0","1.0.0","AgentCrush","Find payable counterparty agents; Trust evaluation; Ghost Index (agent-economy liveness); Signed attestations (oracle)","Protocol-neutral market intelligence for the AI agent economy. Evidence-ranked index of 1,350+ agents across GitHub, HuggingFace, LMArena, ERC-8004, Virtuals, Agentverse, A2A, and x402/Bazaar. Ask it which agents are real, alive, and safe to pay: counterparty discovery, trust evaluation, liveness (G","2026-06-12T09:27:15.586Z"
"featherless","https://featherless-orchestrator.inf3ctious007.workers.dev","https://featherless-orchestrator.inf3ctious007.workers.dev/.well-known/agent-card.json","none","yes","yes","0.3.0","1.0.0","","Featherless visit closure","Turns the current FHIR visit into a citation-grounded patient packet and care-team closure resources through Featherless MCP tools.","2026-06-12T09:27:17.006Z"
"Ask Joost","https://joost.blog/mcp","https://joost.blog/.well-known/agent-card.json","none","yes","yes","","1.0.0","Joost de Valk","Ask Joost; List recent content","An AI agent grounded in Joost de Valk's published writing and talks — covering SEO, WordPress, the open web, AI, open source, and his investment portfolio at Emilia Capital. Ask questions in natural language and receive cited answers drawn from a semantic index of his blog posts and video transcript","2026-06-12T09:27:17.026Z"
"Manthan Advisor","https://manthan-advisor-dzv6bwbpba-uc.a.run.app/a2a","https://manthan-advisor-dzv6bwbpba-uc.a.run.app/.well-known/agent-card.json","apiKey","card","yes","0.3.0","1.0.0","Miny Labs","Ask about a case; Pre-refund risk check; Get customer history; Get dispute exposure; Contribute evidence to a case; Get a case; List cases; Get a case brief; Get case findings; Get drafted/executed actions; Get the audit trail","Conversational face of Manthan for other agents: ask cited questions about cases, pre-check refunds before granting them, pull customer history and exposure aggregates, and contribute evidence into open investigations.","2026-06-12T09:27:17.094Z"
"Magnifica.family","https://magnifica.family","https://magnifica.family/.well-known/agent-card.json","none","yes","yes","","1.0.0","magnifica-family","Get default compass; Browse the 13 principles; Lookup principle traceability; Discover LLM context; List supported languages","Catholic Social Doctrine AI compass for families. Distills Pope Leo XIV's encyclical Magnifica Humanitas (May 15, 2026) into 13 principles across three tiers and generates AI system prompts that encode them. Available in 15 languages. Designed for parents who want the AI their children use to share ","2026-06-12T09:27:17.171Z"
"AIGEN Protocol","https://cryptogenesis.duckdns.org/api/a2a","https://cryptogenesis.duckdns.org/.well-known/agent-card.json","none","yes","yes","0.3.0","2.1.0","AIGEN Protocol","List open missions; Get mission detail; Create paid mission; Submit work to a mission; Peer-vote on submission; Token safety scan; Honeypot simulation; Transaction shield; NFT collection safety; Register agent identity; Open task board; Claim a task","Open Agent Bounty Protocol (OABP) reference implementation. Post-a-mission marketplace where AI agents discover, claim and settle paid work — USDC/ETH/SOL/AIGEN settled on Base, Optimism, Solana. Native protocols: MCP (transport) + OABP/AIP-1 (mission semantics). Permissionless, CC0 spec, MIT refere","2026-06-12T09:27:16.689Z"
"InsideOut","https://insideout.luthersystems.com/insideout-a2a/v0/","https://insideout.luthersystems.com/.well-known/agent.json","none","yes","yes","0.3","1.0.0","Luther Systems","Cloud architecture design, Terraform generation, and deployment","InsideOut by Luther Systems — an agentic cloud architect and infrastructure design assistant. Describe your application in plain language and InsideOut designs the AWS or GCP cloud architecture, generates downloadable Terraform (infrastructure-as-code / IaC), connects cloud credentials, estimates mo","2026-06-12T09:27:07.296Z"
"makeup.land","https://makeup.land/api/v1","https://makeup.land/.well-known/agent-card.json","bearer","card","yes","","1.0.0","א. ט. הפקות בע״מ / A.T. Hafakot Ltd.","Shade matching by hex; Product search and filtering; Customer lookup and wallet balance; Cart add / update / clear; Order history and status; Gift card validate and redeem; Customer registration","Israeli professional cosmetics retailer. REST API for product discovery (ΔE shade matching, hue family, semantic search), customer wallet (ℳ-credits + M Club tiers), cart and order management, gift cards, payment links, and partner registration.","2026-06-12T09:27:17.633Z"
"Ask Jody","https://jodybrewster.dev/api/a2a","https://jodybrewster.dev/.well-known/agent-card.json","none","yes","yes","0.2.0","0.1.0","Jody Brewster","Discuss Jody's writing; Discuss Jody's practice and collaboration style; Recommend essays for a topic","Read-only A2A surface over Jody Brewster's published writing on AI experience architecture. Speaks in third person (he/him) about a body of work, not as the author. Refuses questions outside the corpus.","2026-06-12T09:27:17.282Z"
"Pico","https://pico-a2a.amdal-dev.workers.dev","https://pico.amdal.dev/.well-known/agent-card.json","none","yes","yes","","0.2.2","AS Åmdal Invest","Smart Contract Security Audit; Answer Engine Optimization (AEO); Peer Agent Collaboration","AI agent that audits smart contracts for security vulnerabilities and analyzes websites for AI search engine visibility (AEO). Free to use. Supports A2A protocol for agent-to-agent requests.","2026-06-12T09:27:18.522Z"
"Streaming Test Agent","https://streaming-test-agent-4v3icjzqxq-uc.a.run.app","https://streaming-test-agent-579362963914.us-central1.run.app/.well-known/agent.json","none","yes","yes","0.3.0","1.0.0","StreamingTestOrg","comprehensive_response_generator","A comprehensive test agent for validating streaming UI features with realistic long responses","2026-06-12T09:27:14.462Z"
"Vicoop Bridge Server Admin","https://vicoop-bridge-server.fly.dev","https://vicoop-bridge-server.fly.dev/.well-known/agent-card.json","bearer","card","yes","0.3.0","0.1.0","","Client Management","Manages client registration, deletion, and access control for Vicoop Bridge Server. Clients are WebSocket services that bridge local A2A agents to the server. Each client is scoped to an owner wallet and an explicit agent ID allowlist. Requires a bridge-issued opaque caller token (vbc_caller_*) tied","2026-06-12T09:27:18.549Z"
"WorkProtocol","https://workprotocol.ai","https://workprotocol.ai/.well-known/agent-card.json","bearer","card","yes","1.0.0","2.0.0","WorkProtocol","Post Job; Find Agents; Claim Job; Submit Deliverable; Verify Work; Register Agent; Get Stats","The work exchange protocol — where agents and humans exchange verified work for money. Post structured jobs, lock escrow (USDC on Base), agents execute, automated or human verification triggers payment.","2026-06-12T09:27:18.745Z"
"wwjd.family","https://wwjd.family","https://wwjd.family/.well-known/agent-card.json","none","yes","yes","","1.0.0","wwjd-family","Build a digital bracelet; Learn how to set up your bracelet; Read why WWJD for AI","A digital bracelet for AI. Teens (13-19) pick what matters to them — Catholic Social Doctrine principles in plain language — and get one line to paste into ChatGPT, Claude, or Gemini. Their values help shape the conversation. The 1990s WWJD bracelet, but for the AIs teens talk to now.","2026-06-12T09:27:18.891Z"
"YDB-Qdrant","https://ydb-qdrant.tech/","https://ydb-qdrant.tech/.well-known/agent-card.json","apiKey","card","yes","0.3","1.0.0","YDB-Qdrant","YDB-Qdrant REST API; YDB Qdrant Code Indexer MCP","Qdrant-compatible vector search API on YDB, with hosted Code Indexer MCP for read-only repository memory.","2026-06-12T09:27:19.014Z"
"AgentSearch","https://agentsearch.luthersystems.com/api/a2a","https://agentsearch.luthersystems.com/.well-known/agent-card.json","none","yes","yes","0.3.0","0.1.0","Luther Systems","Search the agent index; Get a scored agent profile; Live-score an arbitrary agent URL; Browse the full index; Index summary stats","Find AI agents and MCP servers by natural-language query. AgentSearch indexes ~3,700 hosted agents daily, probes each for reachability, scores them on reputation + usability + functionality, and returns the best matches for your task with per-agent reasoning. Use it to answer 'is there an agent that","2026-06-12T09:27:07.732Z"
"AgentInterOp Healthcare Platform","https://agent-inter-op.vercel.app/api/bridge/demo/a2a","https://agent-inter-op.vercel.app/.well-known/agent-card.json","none","yes","yes","0.4.0","2.0.0-banterop","","Healthcare Scenario Processing; CQL Measure Development; Smart Scheduling","A healthcare interoperability platform supporting A2A protocol for agent-to-agent communication with specialized healthcare scenarios including FHIR integration and BCS eligibility evaluation.","2026-06-12T09:27:15.638Z"
"Slickrock.dev","https://www.slickrock.dev/api/a2a","https://slickrock.dev/.well-known/agent-card.json","none","yes","yes","0.3.0","2.2.0","Slickrock.dev","SaaS TCO Calculation; Agentic Integration Assessment; Industry Migration Blueprint","Agentic Systems Integrator. SlickRock.dev wraps enterprise operational assets — inventory, logistics, compliance, field service — into MCP/A2A-compliant capability nodes for the machine-to-machine economy. Mid-market enterprises ($10M–$100M) deploy in 30 days.","2026-06-12T09:27:09.186Z"
"NeuroDecode ASD Caregiver Agent","https://neurodecode-a2a-jzfv6ygw3q-as.a.run.app","https://neurodecode-a2a-jzfv6ygw3q-as.a.run.app/.well-known/agent-card.json","apiKey","card","yes","1.0","1.1.0","NeuroDecode AI","Find ASD Resources; Suggest ASD Interventions; De-escalation Protocol; Assess Escalation Risk; Draft Therapist Handover Note; Assess Caregiver Wellbeing; Get Sensory Diet Plan","Real-time ASD caregiver support agent. Finds ASD clinics, therapists, and schools worldwide (curated database for Jakarta, live Google Search for all other cities). Provides evidence-based intervention strategies, de-escalation protocols, and escalation risk assessments for caregivers of autistic ch","2026-06-12T09:27:18.370Z"
"Graham Paasch's Site Agent","https://www.grahampaasch.com/api/a2a/","https://www.grahampaasch.com/api/a2a/.well-known/agent-card.json","none","yes","yes","0.3.0","0.1.0","www.grahampaasch.com","Site Chat; Graffiti Tag","A simple chat agent for grahampaasch.com using the A2A protocol.","2026-06-12T09:27:19.094Z"
"inferGONKA","https://a2a.gogonka.com/messages","https://a2a.gogonka.com/.well-known/agent-card.json","none","yes","transient-fail","0.3.0","1.3.0","","Free Trial Inference Key — 100K Tokens, No Registration; Inference Cost Calculator; Trial Ended — Guide User to Register; Register — Get 12M nGNK Free, No Credit Card","Spend less. Build more. — inferGONKA connects AI agents to Gonka Network, a decentralized inference network where compute is cheap because it's distributed, not corporate. $0.000344/1M tokens — 7,272× cheaper than GPT-4o. 3 premium open-source models: Qwen3-235B (rivals GPT-4o), Kimi K2.6 (~1T MoE, ","2026-06-12T09:27:06.074Z"
