company,product,company_type,category,agent_surface,evidence_summary,evidence_url,protocol_or_invocation,verification_status,discovery_date,notes
Microsoft,Microsoft Foundry Agent Service,established,enterprise-agent-platform,agent_platform,"Managed platform for building, deploying, and scaling AI agents.",https://learn.microsoft.com/en-us/azure/foundry/agents/overview,product_or_platform,agent_product_found,2026-06-11,Broad agent-company sourcing row; not an Arbor invokability claim unless protocol_or_invocation names MCP/A2A/API and a separate endpoint is verified.
Microsoft,Microsoft Copilot Studio agents,established,enterprise-agent-builder,agent_product,Low-code environment for building and publishing Microsoft Copilot agents.,https://www.microsoft.com/en-us/microsoft-copilot/microsoft-copilot-studio,product_or_platform,agent_product_found,2026-06-11,Broad agent-company sourcing row; not an Arbor invokability claim unless protocol_or_invocation names MCP/A2A/API and a separate endpoint is verified.
Microsoft,Microsoft 365 Copilot agents,established,productivity-agent-platform,agent_platform,Agents in Microsoft 365 Copilot for work and business workflows.,https://www.microsoft.com/en-us/microsoft-365/copilot,product_or_platform,agent_product_found,2026-06-11,Broad agent-company sourcing row; not an Arbor invokability claim unless protocol_or_invocation names MCP/A2A/API and a separate endpoint is verified.
Google Cloud,Vertex AI Agent Builder,established,enterprise-agent-platform,agent_platform,Google Cloud platform for building enterprise AI agents and conversational agents.,https://cloud.google.com/products/agent-builder,product_or_platform,agent_product_found,2026-06-11,Broad agent-company sourcing row; not an Arbor invokability claim unless protocol_or_invocation names MCP/A2A/API and a separate endpoint is verified.
Google Cloud,Google Agentspace,established,enterprise-search-agent,agent_product,Enterprise agent and search experience across company knowledge.,https://cloud.google.com/products/agentspace,product_or_platform,agent_product_found,2026-06-11,Broad agent-company sourcing row; not an Arbor invokability claim unless protocol_or_invocation names MCP/A2A/API and a separate endpoint is verified.
Google,Jules,established,coding-agent,coding_agent,Asynchronous coding agent for GitHub-connected development tasks.,https://jules.google/,product_or_platform,agent_product_found,2026-06-11,Broad agent-company sourcing row; not an Arbor invokability claim unless protocol_or_invocation names MCP/A2A/API and a separate endpoint is verified.
Amazon Web Services,Amazon Bedrock Agents,established,enterprise-agent-platform,agent_platform,"AWS service for building agents that use foundation models, APIs, and knowledge bases.",https://aws.amazon.com/bedrock/agents/,api,agent_product_found,2026-06-11,Broad agent-company sourcing row; not an Arbor invokability claim unless protocol_or_invocation names MCP/A2A/API and a separate endpoint is verified.
Amazon Web Services,Amazon Bedrock AgentCore,established,enterprise-agent-runtime,agent_platform,AWS agent runtime and tooling for deploying AI agents.,https://aws.amazon.com/bedrock/agentcore/,product_or_platform,agent_product_found,2026-06-11,Broad agent-company sourcing row; not an Arbor invokability claim unless protocol_or_invocation names MCP/A2A/API and a separate endpoint is verified.
Amazon Web Services,Amazon Q Business,established,enterprise-assistant-agent,agent_product,Enterprise assistant that can answer questions and take action across business systems.,https://aws.amazon.com/q/business/,product_or_platform,agent_product_found,2026-06-11,Broad agent-company sourcing row; not an Arbor invokability claim unless protocol_or_invocation names MCP/A2A/API and a separate endpoint is verified.
Salesforce,Agentforce,established,crm-agent-platform,agent_platform,Salesforce platform for deploying autonomous AI agents across CRM workflows.,https://www.salesforce.com/agentforce/,product_or_platform,agent_product_found,2026-06-11,Broad agent-company sourcing row; not an Arbor invokability claim unless protocol_or_invocation names MCP/A2A/API and a separate endpoint is verified.
ServiceNow,ServiceNow AI Agents,established,enterprise-workflow-agent,workflow_agent,ServiceNow agents for enterprise workflow automation.,https://www.servicenow.com/products/ai-agents.html,product_or_platform,agent_product_found,2026-06-11,Broad agent-company sourcing row; not an Arbor invokability claim unless protocol_or_invocation names MCP/A2A/API and a separate endpoint is verified.
IBM,watsonx Orchestrate,established,enterprise-workflow-agent,workflow_agent,IBM agentic automation platform for assistants and business agents.,https://www.ibm.com/products/watsonx-orchestrate,product_or_platform,agent_product_found,2026-06-11,Broad agent-company sourcing row; not an Arbor invokability claim unless protocol_or_invocation names MCP/A2A/API and a separate endpoint is verified.
Oracle,Oracle AI Agent Studio,established,enterprise-agent-builder,agent_product,Oracle platform for building AI agents in enterprise applications.,https://www.oracle.com/artificial-intelligence/ai-agents/,product_or_platform,agent_product_found,2026-06-11,Broad agent-company sourcing row; not an Arbor invokability claim unless protocol_or_invocation names MCP/A2A/API and a separate endpoint is verified.
SAP,Joule Agents,established,enterprise-workflow-agent,workflow_agent,SAP Joule and Joule agents for enterprise business processes.,https://www.sap.com/products/artificial-intelligence.html,product_or_platform,agent_product_found,2026-06-11,Broad agent-company sourcing row; not an Arbor invokability claim unless protocol_or_invocation names MCP/A2A/API and a separate endpoint is verified.
Workday,Workday Illuminate agents,established,hr-finance-agent,agent_product,Workday AI agents for HR and finance workflows.,https://www.workday.com/en-us/artificial-intelligence.html,product_or_platform,agent_product_found,2026-06-11,Broad agent-company sourcing row; not an Arbor invokability claim unless protocol_or_invocation names MCP/A2A/API and a separate endpoint is verified.
Atlassian,Rovo agents,established,enterprise-collaboration-agent,agent_product,Atlassian Rovo agents for knowledge and team workflows.,https://www.atlassian.com/software/rovo,product_or_platform,agent_product_found,2026-06-11,Broad agent-company sourcing row; not an Arbor invokability claim unless protocol_or_invocation names MCP/A2A/API and a separate endpoint is verified.
GitHub,GitHub Copilot coding agent,established,coding-agent,coding_agent,Copilot coding agent and agent mode for software development workflows.,https://github.com/features/copilot,product_or_platform,agent_product_found,2026-06-11,Broad agent-company sourcing row; not an Arbor invokability claim unless protocol_or_invocation names MCP/A2A/API and a separate endpoint is verified.
GitLab,GitLab Duo Agent Platform,established,devops-agent-platform,agent_platform,GitLab Duo and agent platform for AI-assisted software delivery.,https://about.gitlab.com/gitlab-duo/,product_or_platform,agent_product_found,2026-06-11,Broad agent-company sourcing row; not an Arbor invokability claim unless protocol_or_invocation names MCP/A2A/API and a separate endpoint is verified.
Databricks,Mosaic AI Agent Framework,established,data-agent-platform,agent_platform,Databricks framework and platform for building data and AI agents.,https://www.databricks.com/product/machine-learning/ai-agents,product_or_platform,agent_product_found,2026-06-11,Broad agent-company sourcing row; not an Arbor invokability claim unless protocol_or_invocation names MCP/A2A/API and a separate endpoint is verified.
Snowflake,Snowflake Cortex Agents,established,data-agent-platform,agent_platform,"Cortex Agents for enterprise data, search, and tool-using agent workflows.",https://www.snowflake.com/en/data-cloud/cortex/agents/,product_or_platform,agent_product_found,2026-06-11,Broad agent-company sourcing row; not an Arbor invokability claim unless protocol_or_invocation names MCP/A2A/API and a separate endpoint is verified.
NVIDIA,NeMo Agent Toolkit,established,agent-toolkit,agent_product,"Toolkit for connecting, evaluating, and operating enterprise AI agents.",https://developer.nvidia.com/nemo,product_or_platform,agent_product_found,2026-06-11,Broad agent-company sourcing row; not an Arbor invokability claim unless protocol_or_invocation names MCP/A2A/API and a separate endpoint is verified.
UiPath,UiPath Agentic Automation,established,rpa-agent-platform,workflow_agent,"Agentic automation platform combining agents, robots, and orchestration.",https://www.uipath.com/platform/agentic-automation,product_or_platform,agent_product_found,2026-06-11,Broad agent-company sourcing row; not an Arbor invokability claim unless protocol_or_invocation names MCP/A2A/API and a separate endpoint is verified.
Automation Anywhere,AI Agent Studio,established,rpa-agent-platform,workflow_agent,Automation platform for building AI agents and automations.,https://www.automationanywhere.com/products/ai-agent-studio,product_or_platform,agent_product_found,2026-06-11,Broad agent-company sourcing row; not an Arbor invokability claim unless protocol_or_invocation names MCP/A2A/API and a separate endpoint is verified.
Appian,Appian AI Agents,established,process-agent-platform,agent_platform,AI agents embedded into Appian process automation.,https://appian.com/products/platform/artificial-intelligence,product_or_platform,agent_product_found,2026-06-11,Broad agent-company sourcing row; not an Arbor invokability claim unless protocol_or_invocation names MCP/A2A/API and a separate endpoint is verified.
Pegasystems,Pega Agentic AI,established,workflow-agent-platform,workflow_agent,"Agentic AI for enterprise workflow, service, and decisioning.",https://www.pega.com/agentic-ai,product_or_platform,agent_product_found,2026-06-11,Broad agent-company sourcing row; not an Arbor invokability claim unless protocol_or_invocation names MCP/A2A/API and a separate endpoint is verified.
OpenAI,OpenAI Agents SDK / Responses API,established,agent-sdk,agent_product,SDK and API surface for building agentic applications.,https://platform.openai.com/docs/guides/agents,api|sdk,agent_product_found,2026-06-11,Broad agent-company sourcing row; not an Arbor invokability claim unless protocol_or_invocation names MCP/A2A/API and a separate endpoint is verified.
OpenAI,ChatGPT agent,established,consumer-agent,agent_product,"ChatGPT agent features for web, tool, and task execution.",https://openai.com/chatgpt/,product_or_platform,agent_product_found,2026-06-11,Broad agent-company sourcing row; not an Arbor invokability claim unless protocol_or_invocation names MCP/A2A/API and a separate endpoint is verified.
Anthropic,Claude Code,established,coding-agent,coding_agent,Agentic coding tool from Anthropic.,https://www.anthropic.com/claude-code,product_or_platform,agent_product_found,2026-06-11,Broad agent-company sourcing row; not an Arbor invokability claim unless protocol_or_invocation names MCP/A2A/API and a separate endpoint is verified.
Anthropic,Claude with MCP,established,agent-platform,agent_platform,Claude ecosystem supports tool use and MCP-connected agent workflows.,https://modelcontextprotocol.io/,mcp,agent_product_found,2026-06-11,Broad agent-company sourcing row; not an Arbor invokability claim unless protocol_or_invocation names MCP/A2A/API and a separate endpoint is verified.
Mistral AI,Agents API,startup,agent-api,agent_product,Mistral API surface for building agents and tool-using assistants.,https://docs.mistral.ai/capabilities/agents/,api,agent_product_found,2026-06-11,Broad agent-company sourcing row; not an Arbor invokability claim unless protocol_or_invocation names MCP/A2A/API and a separate endpoint is verified.
Cohere,North,startup,enterprise-agent-platform,agent_platform,Cohere enterprise AI workspace and agent platform.,https://cohere.com/north,product_or_platform,agent_product_found,2026-06-11,Broad agent-company sourcing row; not an Arbor invokability claim unless protocol_or_invocation names MCP/A2A/API and a separate endpoint is verified.
Hugging Face,smolagents,established,agent-framework,agent_platform,Open-source library for building lightweight code agents.,https://huggingface.co/docs/smolagents/index,product_or_platform,agent_product_found,2026-06-11,Broad agent-company sourcing row; not an Arbor invokability claim unless protocol_or_invocation names MCP/A2A/API and a separate endpoint is verified.
LangChain,LangGraph Platform,startup,agent-framework,agent_platform,Framework and platform for building reliable agents and multi-agent workflows.,https://www.langchain.com/langgraph,product_or_platform,agent_product_found,2026-06-11,Broad agent-company sourcing row; not an Arbor invokability claim unless protocol_or_invocation names MCP/A2A/API and a separate endpoint is verified.
LlamaIndex,LlamaCloud / LlamaIndex Agents,startup,agent-framework,agent_platform,Framework and managed services for data-connected agents.,https://www.llamaindex.ai/,product_or_platform,agent_product_found,2026-06-11,Broad agent-company sourcing row; not an Arbor invokability claim unless protocol_or_invocation names MCP/A2A/API and a separate endpoint is verified.
CrewAI,CrewAI Enterprise,startup,multi-agent-platform,agent_platform,Framework and platform for crews of role-based AI agents.,https://www.crewai.com/,product_or_platform,agent_product_found,2026-06-11,Broad agent-company sourcing row; not an Arbor invokability claim unless protocol_or_invocation names MCP/A2A/API and a separate endpoint is verified.
Microsoft,AutoGen,established,multi-agent-framework,agent_platform,Open-source programming framework for multi-agent AI applications.,https://microsoft.github.io/autogen/,product_or_platform,agent_product_found,2026-06-11,Broad agent-company sourcing row; not an Arbor invokability claim unless protocol_or_invocation names MCP/A2A/API and a separate endpoint is verified.
Microsoft,Semantic Kernel Agent Framework,established,agent-framework,agent_platform,Agent framework in Semantic Kernel for multi-agent orchestration.,https://learn.microsoft.com/en-us/semantic-kernel/frameworks/agent/,product_or_platform,agent_product_found,2026-06-11,Broad agent-company sourcing row; not an Arbor invokability claim unless protocol_or_invocation names MCP/A2A/API and a separate endpoint is verified.
Haystack,Haystack Agents,startup,agent-framework,agent_platform,Open-source framework for retrieval and tool-using agents.,https://haystack.deepset.ai/,product_or_platform,agent_product_found,2026-06-11,Broad agent-company sourcing row; not an Arbor invokability claim unless protocol_or_invocation names MCP/A2A/API and a separate endpoint is verified.
Letta,Letta,startup,stateful-agent-platform,agent_platform,Platform for stateful agents with long-term memory.,https://www.letta.com/,product_or_platform,agent_product_found,2026-06-11,Broad agent-company sourcing row; not an Arbor invokability claim unless protocol_or_invocation names MCP/A2A/API and a separate endpoint is verified.
Mastra,Mastra,startup,agent-framework,agent_platform,TypeScript framework for building AI agents and workflows.,https://mastra.ai/,product_or_platform,agent_product_found,2026-06-11,Broad agent-company sourcing row; not an Arbor invokability claim unless protocol_or_invocation names MCP/A2A/API and a separate endpoint is verified.
Vellum,Vellum AI Agents,startup,agent-builder,agent_product,"Platform for building, evaluating, and deploying AI agents and workflows.",https://www.vellum.ai/,product_or_platform,agent_product_found,2026-06-11,Broad agent-company sourcing row; not an Arbor invokability claim unless protocol_or_invocation names MCP/A2A/API and a separate endpoint is verified.
Relevance AI,Relevance AI workforce,startup,agent-workforce-platform,agent_platform,No-code platform for building AI agents and multi-agent workforces.,https://relevanceai.com/,product_or_platform,agent_product_found,2026-06-11,Broad agent-company sourcing row; not an Arbor invokability claim unless protocol_or_invocation names MCP/A2A/API and a separate endpoint is verified.
MindStudio,MindStudio AI Agents,startup,agent-builder,agent_product,Platform for building and deploying AI agents.,https://www.mindstudio.ai/,product_or_platform,agent_product_found,2026-06-11,Broad agent-company sourcing row; not an Arbor invokability claim unless protocol_or_invocation names MCP/A2A/API and a separate endpoint is verified.
Stack AI,Stack AI Agents,startup,agent-builder,agent_product,Enterprise platform for building AI agents and workflow automations.,https://www.stack-ai.com/,product_or_platform,agent_product_found,2026-06-11,Broad agent-company sourcing row; not an Arbor invokability claim unless protocol_or_invocation names MCP/A2A/API and a separate endpoint is verified.
Wordware,Wordware,startup,agent-builder,agent_product,Natural-language IDE for building AI agents.,https://www.wordware.ai/,product_or_platform,agent_product_found,2026-06-11,Broad agent-company sourcing row; not an Arbor invokability claim unless protocol_or_invocation names MCP/A2A/API and a separate endpoint is verified.
Dust,Dust agents,startup,enterprise-agent-platform,agent_platform,Platform for deploying custom AI agents for teams.,https://dust.tt/,product_or_platform,agent_product_found,2026-06-11,Broad agent-company sourcing row; not an Arbor invokability claim unless protocol_or_invocation names MCP/A2A/API and a separate endpoint is verified.
Glean,Glean Agents,startup,enterprise-search-agent,agent_product,Enterprise AI platform with assistants and agents over company knowledge.,https://www.glean.com/product/agents,product_or_platform,agent_product_found,2026-06-11,Broad agent-company sourcing row; not an Arbor invokability claim unless protocol_or_invocation names MCP/A2A/API and a separate endpoint is verified.
Moveworks,Moveworks AI Agent,startup,employee-support-agent,agent_product,Enterprise AI agent for employee support and workflow automation.,https://www.moveworks.com/,product_or_platform,agent_product_found,2026-06-11,Broad agent-company sourcing row; not an Arbor invokability claim unless protocol_or_invocation names MCP/A2A/API and a separate endpoint is verified.
Aisera,Aisera AI Agents,startup,enterprise-service-agent,agent_product,"Agentic AI platform for IT, HR, customer service, and operations.",https://aisera.com/,product_or_platform,agent_product_found,2026-06-11,Broad agent-company sourcing row; not an Arbor invokability claim unless protocol_or_invocation names MCP/A2A/API and a separate endpoint is verified.
Sierra,Sierra Agent OS,startup,customer-service-agent,customer_service_agent,Customer-facing AI agent platform.,https://sierra.ai/,product_or_platform,agent_product_found,2026-06-11,Broad agent-company sourcing row; not an Arbor invokability claim unless protocol_or_invocation names MCP/A2A/API and a separate endpoint is verified.
Decagon,Decagon AI Agents,startup,customer-service-agent,customer_service_agent,AI agents for customer experience and support automation.,https://decagon.ai/,product_or_platform,agent_product_found,2026-06-11,Broad agent-company sourcing row; not an Arbor invokability claim unless protocol_or_invocation names MCP/A2A/API and a separate endpoint is verified.
Intercom,Fin,established,customer-service-agent,customer_service_agent,AI customer service agent.,https://www.intercom.com/fin,product_or_platform,agent_product_found,2026-06-11,Broad agent-company sourcing row; not an Arbor invokability claim unless protocol_or_invocation names MCP/A2A/API and a separate endpoint is verified.
Zendesk,Zendesk AI agents,established,customer-service-agent,customer_service_agent,AI agents for customer service and support.,https://www.zendesk.com/service/ai/ai-agents/,product_or_platform,agent_product_found,2026-06-11,Broad agent-company sourcing row; not an Arbor invokability claim unless protocol_or_invocation names MCP/A2A/API and a separate endpoint is verified.
Ada,Ada AI Agent,startup,customer-service-agent,customer_service_agent,Customer-service automation and AI agent platform.,https://www.ada.cx/,product_or_platform,agent_product_found,2026-06-11,Broad agent-company sourcing row; not an Arbor invokability claim unless protocol_or_invocation names MCP/A2A/API and a separate endpoint is verified.
Cognigy,Cognigy.AI,startup,contact-center-agent,customer_service_agent,Conversational and agentic AI platform for contact centers.,https://www.cognigy.com/,product_or_platform,agent_product_found,2026-06-11,Broad agent-company sourcing row; not an Arbor invokability claim unless protocol_or_invocation names MCP/A2A/API and a separate endpoint is verified.
Kore.ai,AI for Service / AI Agents,startup,enterprise-agent-platform,agent_platform,Enterprise conversational and agentic AI platform.,https://kore.ai/,product_or_platform,agent_product_found,2026-06-11,Broad agent-company sourcing row; not an Arbor invokability claim unless protocol_or_invocation names MCP/A2A/API and a separate endpoint is verified.
Rasa,Rasa agents,startup,conversation-agent-platform,agent_platform,Platform for conversational AI agents in enterprise service workflows.,https://rasa.com/,product_or_platform,agent_product_found,2026-06-11,Broad agent-company sourcing row; not an Arbor invokability claim unless protocol_or_invocation names MCP/A2A/API and a separate endpoint is verified.
Forethought,Forethought AI Agents,startup,customer-support-agent,customer_service_agent,AI agent platform for customer support.,https://forethought.ai/,product_or_platform,agent_product_found,2026-06-11,Broad agent-company sourcing row; not an Arbor invokability claim unless protocol_or_invocation names MCP/A2A/API and a separate endpoint is verified.
Crescendo,Crescendo CX AI,startup,customer-support-agent,customer_service_agent,AI customer support platform combining automation and human operations.,https://www.crescendo.ai/,product_or_platform,agent_product_found,2026-06-11,Broad agent-company sourcing row; not an Arbor invokability claim unless protocol_or_invocation names MCP/A2A/API and a separate endpoint is verified.
Ultimate,Ultimate AI agents,startup,customer-support-agent,customer_service_agent,Customer support automation and AI agents.,https://www.ultimate.ai/,product_or_platform,agent_product_found,2026-06-11,Broad agent-company sourcing row; not an Arbor invokability claim unless protocol_or_invocation names MCP/A2A/API and a separate endpoint is verified.
PolyAI,PolyAI voice assistants,startup,voice-agent,agent_product,Voice AI agents for customer service.,https://poly.ai/,product_or_platform,agent_product_found,2026-06-11,Broad agent-company sourcing row; not an Arbor invokability claim unless protocol_or_invocation names MCP/A2A/API and a separate endpoint is verified.
Parloa,Parloa AI Agent Management Platform,startup,voice-agent,agent_product,Enterprise AI agent platform for customer communications.,https://www.parloa.com/,product_or_platform,agent_product_found,2026-06-11,Broad agent-company sourcing row; not an Arbor invokability claim unless protocol_or_invocation names MCP/A2A/API and a separate endpoint is verified.
Talkdesk,Talkdesk Autopilot,established,contact-center-agent,customer_service_agent,Autonomous customer-service AI agent for contact centers.,https://www.talkdesk.com/products/autopilot/,product_or_platform,agent_product_found,2026-06-11,Broad agent-company sourcing row; not an Arbor invokability claim unless protocol_or_invocation names MCP/A2A/API and a separate endpoint is verified.
Cresta,Cresta AI Agent,startup,contact-center-agent,customer_service_agent,AI agents and copilots for contact centers.,https://cresta.com/,product_or_platform,agent_product_found,2026-06-11,Broad agent-company sourcing row; not an Arbor invokability claim unless protocol_or_invocation names MCP/A2A/API and a separate endpoint is verified.
Uniphore,Uniphore AI agents,established,customer-service-agent,customer_service_agent,Enterprise conversational AI and agent automation.,https://www.uniphore.com/,product_or_platform,agent_product_found,2026-06-11,Broad agent-company sourcing row; not an Arbor invokability claim unless protocol_or_invocation names MCP/A2A/API and a separate endpoint is verified.
yellow.ai,yellow.ai Dynamic AI Agents,startup,customer-service-agent,customer_service_agent,Dynamic AI agents for customer and employee service.,https://yellow.ai/,product_or_platform,agent_product_found,2026-06-11,Broad agent-company sourcing row; not an Arbor invokability claim unless protocol_or_invocation names MCP/A2A/API and a separate endpoint is verified.
Maven AGI,Maven AGI,startup,customer-support-agent,customer_service_agent,AI-native customer support agents.,https://www.mavenagi.com/,product_or_platform,agent_product_found,2026-06-11,Broad agent-company sourcing row; not an Arbor invokability claim unless protocol_or_invocation names MCP/A2A/API and a separate endpoint is verified.
Ema,Ema Universal AI Employee,startup,enterprise-agent-platform,agent_platform,Universal AI employee and agent platform for enterprise tasks.,https://www.ema.co/,product_or_platform,agent_product_found,2026-06-11,Broad agent-company sourcing row; not an Arbor invokability claim unless protocol_or_invocation names MCP/A2A/API and a separate endpoint is verified.
Orby AI,Orby AI,startup,enterprise-automation-agent,agent_product,AI agents for automating enterprise workflows.,https://www.orby.ai/,product_or_platform,agent_product_found,2026-06-11,Broad agent-company sourcing row; not an Arbor invokability claim unless protocol_or_invocation names MCP/A2A/API and a separate endpoint is verified.
Lindy,Lindy,startup,personal-workflow-agent,workflow_agent,AI employees and agents for business workflows.,https://www.lindy.ai/,product_or_platform,agent_product_found,2026-06-11,Broad agent-company sourcing row; not an Arbor invokability claim unless protocol_or_invocation names MCP/A2A/API and a separate endpoint is verified.
Zapier,Zapier Agents,established,workflow-agent-platform,workflow_agent,No-code AI agents connected to Zapier automations.,https://zapier.com/agents,api,agent_product_found,2026-06-11,Broad agent-company sourcing row; not an Arbor invokability claim unless protocol_or_invocation names MCP/A2A/API and a separate endpoint is verified.
n8n,n8n AI Agents,startup,workflow-agent-platform,workflow_agent,Workflow automation platform for building AI agents.,https://n8n.io/ai/,product_or_platform,agent_product_found,2026-06-11,Broad agent-company sourcing row; not an Arbor invokability claim unless protocol_or_invocation names MCP/A2A/API and a separate endpoint is verified.
Make,Make AI Agents,established,workflow-agent-platform,workflow_agent,Automation platform for AI agents and workflows.,https://www.make.com/en/ai-agents,product_or_platform,agent_product_found,2026-06-11,Broad agent-company sourcing row; not an Arbor invokability claim unless protocol_or_invocation names MCP/A2A/API and a separate endpoint is verified.
Gumloop,Gumloop AI Agents,startup,workflow-agent-platform,workflow_agent,No-code AI automation and agent platform.,https://www.gumloop.com/,product_or_platform,agent_product_found,2026-06-11,Broad agent-company sourcing row; not an Arbor invokability claim unless protocol_or_invocation names MCP/A2A/API and a separate endpoint is verified.
Relay.app,Relay.app AI agents,startup,workflow-agent-platform,workflow_agent,Workflow automation platform with AI agents.,https://www.relay.app/,product_or_platform,agent_product_found,2026-06-11,Broad agent-company sourcing row; not an Arbor invokability claim unless protocol_or_invocation names MCP/A2A/API and a separate endpoint is verified.
Bardeen,Bardeen AI Agent,startup,browser-workflow-agent,workflow_agent,Browser automation and workflow AI agent.,https://www.bardeen.ai/,browser_automation,agent_product_found,2026-06-11,Broad agent-company sourcing row; not an Arbor invokability claim unless protocol_or_invocation names MCP/A2A/API and a separate endpoint is verified.
Artisan,Ava / Artisan AI employees,startup,sales-agent,agent_product,AI employees for sales and go-to-market work.,https://www.artisan.co/,product_or_platform,agent_product_found,2026-06-11,Broad agent-company sourcing row; not an Arbor invokability claim unless protocol_or_invocation names MCP/A2A/API and a separate endpoint is verified.
11x,11x AI digital workers,startup,sales-agent,agent_product,AI sales development and revenue agents.,https://www.11x.ai/,product_or_platform,agent_product_found,2026-06-11,Broad agent-company sourcing row; not an Arbor invokability claim unless protocol_or_invocation names MCP/A2A/API and a separate endpoint is verified.
Clay,Claygent,startup,gtm-agent,agent_product,AI research agent for go-to-market data enrichment.,https://www.clay.com/,product_or_platform,agent_product_found,2026-06-11,Broad agent-company sourcing row; not an Arbor invokability claim unless protocol_or_invocation names MCP/A2A/API and a separate endpoint is verified.
Regie.ai,Regie.ai agents,startup,sales-agent,agent_product,AI agents for sales prospecting and outbound workflows.,https://www.regie.ai/,product_or_platform,agent_product_found,2026-06-11,Broad agent-company sourcing row; not an Arbor invokability claim unless protocol_or_invocation names MCP/A2A/API and a separate endpoint is verified.
Qualified,Piper AI SDR,startup,sales-agent,agent_product,AI SDR agent for website pipeline generation.,https://www.qualified.com/,product_or_platform,agent_product_found,2026-06-11,Broad agent-company sourcing row; not an Arbor invokability claim unless protocol_or_invocation names MCP/A2A/API and a separate endpoint is verified.
Conversica,Conversica AI Assistants,established,sales-service-agent,agent_product,AI assistants for revenue teams.,https://www.conversica.com/,product_or_platform,agent_product_found,2026-06-11,Broad agent-company sourcing row; not an Arbor invokability claim unless protocol_or_invocation names MCP/A2A/API and a separate endpoint is verified.
Drift,Drift AI chat agents,established,sales-chat-agent,agent_product,Conversational marketing and sales AI agents.,https://www.drift.com/,product_or_platform,agent_product_found,2026-06-11,Broad agent-company sourcing row; not an Arbor invokability claim unless protocol_or_invocation names MCP/A2A/API and a separate endpoint is verified.
Cognition,Devin,startup,coding-agent,coding_agent,Autonomous AI software engineer.,https://devin.ai/,product_or_platform,agent_product_found,2026-06-11,Broad agent-company sourcing row; not an Arbor invokability claim unless protocol_or_invocation names MCP/A2A/API and a separate endpoint is verified.
Anysphere,Cursor,startup,coding-agent,coding_agent,AI code editor with agentic coding workflows.,https://cursor.com/,product_or_platform,agent_product_found,2026-06-11,Broad agent-company sourcing row; not an Arbor invokability claim unless protocol_or_invocation names MCP/A2A/API and a separate endpoint is verified.
Replit,Replit Agent,startup,coding-agent,coding_agent,Agent for building apps and software in Replit.,https://replit.com/agent,product_or_platform,agent_product_found,2026-06-11,Broad agent-company sourcing row; not an Arbor invokability claim unless protocol_or_invocation names MCP/A2A/API and a separate endpoint is verified.
Windsurf,Windsurf Editor,startup,coding-agent,coding_agent,Agentic coding IDE.,https://windsurf.com/,product_or_platform,agent_product_found,2026-06-11,Broad agent-company sourcing row; not an Arbor invokability claim unless protocol_or_invocation names MCP/A2A/API and a separate endpoint is verified.
Magic,Magic coding agents,startup,coding-agent,coding_agent,AI coding agent research and product company.,https://magic.dev/,product_or_platform,agent_product_found,2026-06-11,Broad agent-company sourcing row; not an Arbor invokability claim unless protocol_or_invocation names MCP/A2A/API and a separate endpoint is verified.
Poolside,poolside,startup,coding-agent,coding_agent,AI coding assistant and agent company.,https://poolside.ai/,product_or_platform,agent_product_found,2026-06-11,Broad agent-company sourcing row; not an Arbor invokability claim unless protocol_or_invocation names MCP/A2A/API and a separate endpoint is verified.
Factory,Factory Droid agents,startup,coding-agent,coding_agent,AI software engineering agents.,https://www.factory.ai/,product_or_platform,agent_product_found,2026-06-11,Broad agent-company sourcing row; not an Arbor invokability claim unless protocol_or_invocation names MCP/A2A/API and a separate endpoint is verified.
Codegen,Codegen,startup,coding-agent,coding_agent,AI agents for automating software engineering tasks.,https://www.codegen.com/,product_or_platform,agent_product_found,2026-06-11,Broad agent-company sourcing row; not an Arbor invokability claim unless protocol_or_invocation names MCP/A2A/API and a separate endpoint is verified.
Sweep,Sweep AI,startup,coding-agent,coding_agent,AI junior developer for GitHub issues and code changes.,https://sweep.dev/,product_or_platform,agent_product_found,2026-06-11,Broad agent-company sourcing row; not an Arbor invokability claim unless protocol_or_invocation names MCP/A2A/API and a separate endpoint is verified.
Qodo,Qodo Merge / Gen,startup,coding-agent,coding_agent,AI coding and code review agents.,https://www.qodo.ai/,product_or_platform,agent_product_found,2026-06-11,Broad agent-company sourcing row; not an Arbor invokability claim unless protocol_or_invocation names MCP/A2A/API and a separate endpoint is verified.
Tabnine,Tabnine AI agents,startup,coding-agent,coding_agent,AI software development agents and assistants.,https://www.tabnine.com/,product_or_platform,agent_product_found,2026-06-11,Broad agent-company sourcing row; not an Arbor invokability claim unless protocol_or_invocation names MCP/A2A/API and a separate endpoint is verified.
Sourcegraph,Amp,startup,coding-agent,coding_agent,Agentic coding tool from Sourcegraph.,https://ampcode.com/,product_or_platform,agent_product_found,2026-06-11,Broad agent-company sourcing row; not an Arbor invokability claim unless protocol_or_invocation names MCP/A2A/API and a separate endpoint is verified.
Continue,Continue,startup,coding-agent,coding_agent,Open-source AI code assistant and agent framework.,https://www.continue.dev/,product_or_platform,agent_product_found,2026-06-11,Broad agent-company sourcing row; not an Arbor invokability claim unless protocol_or_invocation names MCP/A2A/API and a separate endpoint is verified.
All Hands AI,OpenHands,startup,coding-agent,coding_agent,Open-source coding agent formerly OpenDevin.,https://www.all-hands.dev/,product_or_platform,agent_product_found,2026-06-11,Broad agent-company sourcing row; not an Arbor invokability claim unless protocol_or_invocation names MCP/A2A/API and a separate endpoint is verified.
Augment Code,Augment Code,startup,coding-agent,coding_agent,AI coding agent for large codebases.,https://www.augmentcode.com/,product_or_platform,agent_product_found,2026-06-11,Broad agent-company sourcing row; not an Arbor invokability claim unless protocol_or_invocation names MCP/A2A/API and a separate endpoint is verified.
JetBrains,Junie,established,coding-agent,coding_agent,JetBrains coding agent for IDE workflows.,https://www.jetbrains.com/junie/,product_or_platform,agent_product_found,2026-06-11,Broad agent-company sourcing row; not an Arbor invokability claim unless protocol_or_invocation names MCP/A2A/API and a separate endpoint is verified.
CodeRabbit,CodeRabbit,startup,code-review-agent,agent_product,AI code review agent for pull requests.,https://www.coderabbit.ai/,product_or_platform,agent_product_found,2026-06-11,Broad agent-company sourcing row; not an Arbor invokability claim unless protocol_or_invocation names MCP/A2A/API and a separate endpoint is verified.
Lovable,Lovable,startup,app-building-agent,agent_product,AI app builder that turns prompts into software.,https://lovable.dev/,product_or_platform,agent_product_found,2026-06-11,Broad agent-company sourcing row; not an Arbor invokability claim unless protocol_or_invocation names MCP/A2A/API and a separate endpoint is verified.
StackBlitz,Bolt.new,startup,app-building-agent,agent_product,AI app-building agent in the browser.,https://bolt.new/,browser_automation,agent_product_found,2026-06-11,Broad agent-company sourcing row; not an Arbor invokability claim unless protocol_or_invocation names MCP/A2A/API and a separate endpoint is verified.
Vercel,v0,established,app-building-agent,agent_product,AI UI and app generation agent from Vercel.,https://v0.dev/,product_or_platform,agent_product_found,2026-06-11,Broad agent-company sourcing row; not an Arbor invokability claim unless protocol_or_invocation names MCP/A2A/API and a separate endpoint is verified.
Emergent,Emergent,startup,app-building-agent,agent_product,AI app builder that turns ideas into apps.,https://emergent.sh/,product_or_platform,agent_product_found,2026-06-11,Broad agent-company sourcing row; not an Arbor invokability claim unless protocol_or_invocation names MCP/A2A/API and a separate endpoint is verified.
Rork,Rork,startup,mobile-app-agent,agent_product,AI agent for building mobile apps.,https://rork.com/,product_or_platform,agent_product_found,2026-06-11,Broad agent-company sourcing row; not an Arbor invokability claim unless protocol_or_invocation names MCP/A2A/API and a separate endpoint is verified.
Tempo Labs,Tempo,startup,app-building-agent,agent_product,AI agent for product and frontend development.,https://www.tempo.new/,product_or_platform,agent_product_found,2026-06-11,Broad agent-company sourcing row; not an Arbor invokability claim unless protocol_or_invocation names MCP/A2A/API and a separate endpoint is verified.
Manus,Manus,startup,general-purpose-agent,agent_product,"General-purpose AI agent for tasks such as slides, websites, development, and design.",https://manus.im/,product_or_platform,agent_product_found,2026-06-11,Broad agent-company sourcing row; not an Arbor invokability claim unless protocol_or_invocation names MCP/A2A/API and a separate endpoint is verified.
Adept,ACT-1,startup,computer-use-agent,agent_product,Action Transformer agent research for using software tools.,https://www.adept.ai/,product_or_platform,agent_product_found,2026-06-11,Broad agent-company sourcing row; not an Arbor invokability claim unless protocol_or_invocation names MCP/A2A/API and a separate endpoint is verified.
MultiOn,MultiOn,startup,web-agent,agent_product,AI web agent for browsing and completing tasks.,https://www.multion.ai/,product_or_platform,agent_product_found,2026-06-11,Broad agent-company sourcing row; not an Arbor invokability claim unless protocol_or_invocation names MCP/A2A/API and a separate endpoint is verified.
Induced AI,Induced AI,startup,browser-agent,browser_or_computer_use_agent,Browser agents for automating web workflows.,https://www.induced.ai/,browser_automation,agent_product_found,2026-06-11,Broad agent-company sourcing row; not an Arbor invokability claim unless protocol_or_invocation names MCP/A2A/API and a separate endpoint is verified.
Skyvern,Skyvern,startup,browser-agent,browser_or_computer_use_agent,AI browser automation agent for web tasks.,https://www.skyvern.com/,browser_automation,agent_product_found,2026-06-11,Broad agent-company sourcing row; not an Arbor invokability claim unless protocol_or_invocation names MCP/A2A/API and a separate endpoint is verified.
Browserbase,Browserbase,startup,browser-agent-infrastructure,browser_or_computer_use_agent,Infrastructure for browser agents and computer-use automation.,https://www.browserbase.com/,browser_automation,agent_product_found,2026-06-11,Broad agent-company sourcing row; not an Arbor invokability claim unless protocol_or_invocation names MCP/A2A/API and a separate endpoint is verified.
Browser Use,Browser Use,startup,browser-agent-framework,browser_or_computer_use_agent,Open-source browser automation framework for AI agents.,https://browser-use.com/,browser_automation,agent_product_found,2026-06-11,Broad agent-company sourcing row; not an Arbor invokability claim unless protocol_or_invocation names MCP/A2A/API and a separate endpoint is verified.
Puppeteer,Stagehand,startup,browser-agent-framework,browser_or_computer_use_agent,Browserbase framework for building browser agents.,https://www.browserbase.com/stagehand,browser_automation,agent_product_found,2026-06-11,Broad agent-company sourcing row; not an Arbor invokability claim unless protocol_or_invocation names MCP/A2A/API and a separate endpoint is verified.
Hyperbrowser,HyperAgent,startup,browser-agent,browser_or_computer_use_agent,Web infrastructure and agent for browser automation.,https://www.hyperbrowser.ai/,browser_automation,agent_product_found,2026-06-11,Broad agent-company sourcing row; not an Arbor invokability claim unless protocol_or_invocation names MCP/A2A/API and a separate endpoint is verified.
Perplexity,Comet,startup,browser-agent,browser_or_computer_use_agent,AI browser with agentic browsing capabilities.,https://www.perplexity.ai/comet,browser_automation,agent_product_found,2026-06-11,Broad agent-company sourcing row; not an Arbor invokability claim unless protocol_or_invocation names MCP/A2A/API and a separate endpoint is verified.
Rabbit,Rabbit R1 / Large Action Model,startup,consumer-action-agent,agent_product,Consumer AI device and action model for task execution.,https://www.rabbit.tech/,product_or_platform,agent_product_found,2026-06-11,Broad agent-company sourcing row; not an Arbor invokability claim unless protocol_or_invocation names MCP/A2A/API and a separate endpoint is verified.
Abridge,Abridge,startup,healthcare-agent,agent_product,Clinical AI documentation and workflow assistant.,https://www.abridge.com/,product_or_platform,agent_product_found,2026-06-11,Broad agent-company sourcing row; not an Arbor invokability claim unless protocol_or_invocation names MCP/A2A/API and a separate endpoint is verified.
Ambience Healthcare,Ambience Healthcare,startup,healthcare-agent,agent_product,AI operating system and agents for clinicians.,https://www.ambiencehealthcare.com/,product_or_platform,agent_product_found,2026-06-11,Broad agent-company sourcing row; not an Arbor invokability claim unless protocol_or_invocation names MCP/A2A/API and a separate endpoint is verified.
Nabla,Nabla Copilot,startup,healthcare-agent,agent_product,AI clinical assistant for documentation and care workflows.,https://www.nabla.com/,product_or_platform,agent_product_found,2026-06-11,Broad agent-company sourcing row; not an Arbor invokability claim unless protocol_or_invocation names MCP/A2A/API and a separate endpoint is verified.
Hippocratic AI,Hippocratic AI agents,startup,healthcare-agent,agent_product,Safety-focused healthcare AI agents.,https://www.hippocraticai.com/,product_or_platform,agent_product_found,2026-06-11,Broad agent-company sourcing row; not an Arbor invokability claim unless protocol_or_invocation names MCP/A2A/API and a separate endpoint is verified.
Tennr,Tennr,startup,healthcare-operations-agent,agent_product,AI agents for healthcare document and referral workflows.,https://www.tennr.com/,product_or_platform,agent_product_found,2026-06-11,Broad agent-company sourcing row; not an Arbor invokability claim unless protocol_or_invocation names MCP/A2A/API and a separate endpoint is verified.
Anterior,Florence,startup,healthcare-agent,agent_product,AI clinical and administrative agents for healthcare payers.,https://www.anterior.com/,product_or_platform,agent_product_found,2026-06-11,Broad agent-company sourcing row; not an Arbor invokability claim unless protocol_or_invocation names MCP/A2A/API and a separate endpoint is verified.
EliseAI,EliseAI,startup,property-healthcare-agent,agent_product,"AI agents for housing, healthcare, and operations.",https://www.eliseai.com/,product_or_platform,agent_product_found,2026-06-11,Broad agent-company sourcing row; not an Arbor invokability claim unless protocol_or_invocation names MCP/A2A/API and a separate endpoint is verified.
Harvey,Harvey,startup,legal-agent,agent_product,AI platform and agents for legal work.,https://www.harvey.ai/,product_or_platform,agent_product_found,2026-06-11,Broad agent-company sourcing row; not an Arbor invokability claim unless protocol_or_invocation names MCP/A2A/API and a separate endpoint is verified.
EvenUp,Claims Intelligence Platform,startup,legal-agent,agent_product,AI agents and workflow automation for personal injury law.,https://www.evenuplaw.com/,product_or_platform,agent_product_found,2026-06-11,Broad agent-company sourcing row; not an Arbor invokability claim unless protocol_or_invocation names MCP/A2A/API and a separate endpoint is verified.
Thomson Reuters,CoCounsel,established,legal-agent,agent_product,Professional AI legal and tax assistant agent.,https://legal.thomsonreuters.com/en/c/cocounsel,product_or_platform,agent_product_found,2026-06-11,Broad agent-company sourcing row; not an Arbor invokability claim unless protocol_or_invocation names MCP/A2A/API and a separate endpoint is verified.
Norm Ai,Norm Ai,startup,compliance-agent,agent_product,AI agents for regulatory compliance.,https://www.norm.ai/,product_or_platform,agent_product_found,2026-06-11,Broad agent-company sourcing row; not an Arbor invokability claim unless protocol_or_invocation names MCP/A2A/API and a separate endpoint is verified.
Legora,Legora,startup,legal-agent,agent_product,Collaborative AI platform for lawyers and legal workflows.,https://www.legora.com/,product_or_platform,agent_product_found,2026-06-11,Broad agent-company sourcing row; not an Arbor invokability claim unless protocol_or_invocation names MCP/A2A/API and a separate endpoint is verified.
Hebbia,Hebbia Matrix,startup,research-agent,agent_product,AI agent for complex document and financial research.,https://www.hebbia.ai/,product_or_platform,agent_product_found,2026-06-11,Broad agent-company sourcing row; not an Arbor invokability claim unless protocol_or_invocation names MCP/A2A/API and a separate endpoint is verified.
Perplexity,Perplexity Deep Research,startup,research-agent,agent_product,AI answer and research agent.,https://www.perplexity.ai/,product_or_platform,agent_product_found,2026-06-11,Broad agent-company sourcing row; not an Arbor invokability claim unless protocol_or_invocation names MCP/A2A/API and a separate endpoint is verified.
You.com,You.com ARI / agents,startup,research-agent,agent_product,AI search and research agents.,https://you.com/,product_or_platform,agent_product_found,2026-06-11,Broad agent-company sourcing row; not an Arbor invokability claim unless protocol_or_invocation names MCP/A2A/API and a separate endpoint is verified.
Genspark,Genspark AI agents,startup,research-agent,agent_product,"AI agent engine for search, research, slides, and task execution.",https://www.genspark.ai/,product_or_platform,agent_product_found,2026-06-11,Broad agent-company sourcing row; not an Arbor invokability claim unless protocol_or_invocation names MCP/A2A/API and a separate endpoint is verified.
Tavily,Tavily,startup,agent-search-api,agent_product,Search API built for AI agents.,https://tavily.com/,api,agent_product_found,2026-06-11,Broad agent-company sourcing row; not an Arbor invokability claim unless protocol_or_invocation names MCP/A2A/API and a separate endpoint is verified.
Exa,Exa,startup,agent-search-api,agent_product,Search engine API for AI agents.,https://exa.ai/,api,agent_product_found,2026-06-11,Broad agent-company sourcing row; not an Arbor invokability claim unless protocol_or_invocation names MCP/A2A/API and a separate endpoint is verified.
Firecrawl,Firecrawl,startup,agent-web-data,agent_product,Web data API for AI agents.,https://www.firecrawl.dev/,api,agent_product_found,2026-06-11,Broad agent-company sourcing row; not an Arbor invokability claim unless protocol_or_invocation names MCP/A2A/API and a separate endpoint is verified.
Browserless,Browserless,startup,browser-agent-infrastructure,browser_or_computer_use_agent,Browser automation infrastructure used by agents.,https://www.browserless.io/,browser_automation,agent_product_found,2026-06-11,Broad agent-company sourcing row; not an Arbor invokability claim unless protocol_or_invocation names MCP/A2A/API and a separate endpoint is verified.
Composio,Composio,startup,agent-tool-infrastructure,agent_product,Tool integration platform for AI agents.,https://composio.dev/,product_or_platform,agent_product_found,2026-06-11,Broad agent-company sourcing row; not an Arbor invokability claim unless protocol_or_invocation names MCP/A2A/API and a separate endpoint is verified.
Arcade.dev,Arcade,startup,agent-tool-infrastructure,agent_product,"Tool calling, auth, and integrations for AI agents.",https://www.arcade.dev/,product_or_platform,agent_product_found,2026-06-11,Broad agent-company sourcing row; not an Arbor invokability claim unless protocol_or_invocation names MCP/A2A/API and a separate endpoint is verified.
Pipedream,Pipedream Connect,startup,agent-integration-platform,agent_platform,Connect APIs and actions to AI agents.,https://pipedream.com/connect,api,agent_product_found,2026-06-11,Broad agent-company sourcing row; not an Arbor invokability claim unless protocol_or_invocation names MCP/A2A/API and a separate endpoint is verified.
Smithery,Smithery,startup,mcp-registry-platform,mcp_or_agent_tooling,Registry and deployment platform for MCP servers used by agents.,https://smithery.ai/,mcp,agent_product_found,2026-06-11,Broad agent-company sourcing row; not an Arbor invokability claim unless protocol_or_invocation names MCP/A2A/API and a separate endpoint is verified.
Klavis AI,Klavis AI,startup,mcp-agent-infrastructure,mcp_or_agent_tooling,Hosted MCP integration infrastructure for AI applications.,https://www.klavis.ai/,mcp,agent_product_found,2026-06-11,Broad agent-company sourcing row; not an Arbor invokability claim unless protocol_or_invocation names MCP/A2A/API and a separate endpoint is verified.
Metorial,Metorial,startup,mcp-agent-infrastructure,mcp_or_agent_tooling,Managed MCP infrastructure for agent integrations.,https://metorial.com/,mcp,agent_product_found,2026-06-11,Broad agent-company sourcing row; not an Arbor invokability claim unless protocol_or_invocation names MCP/A2A/API and a separate endpoint is verified.
Dedalus Labs,Dedalus Labs,startup,agent-runtime-platform,agent_platform,Compute substrate and SDK for AI agents and MCP tools.,https://dedaluslabs.ai/,mcp|sdk,agent_product_found,2026-06-11,Broad agent-company sourcing row; not an Arbor invokability claim unless protocol_or_invocation names MCP/A2A/API and a separate endpoint is verified.
Blaxel,Blaxel,startup,agent-runtime-platform,agent_platform,Serverless platform for agent deployments and MCP hosting.,https://www.blaxel.ai/,mcp,agent_product_found,2026-06-11,Broad agent-company sourcing row; not an Arbor invokability claim unless protocol_or_invocation names MCP/A2A/API and a separate endpoint is verified.
Langfuse,Langfuse,startup,agent-observability,agent_product,Open-source observability and evaluation for LLM apps and agents.,https://langfuse.com/,product_or_platform,agent_product_found,2026-06-11,Broad agent-company sourcing row; not an Arbor invokability claim unless protocol_or_invocation names MCP/A2A/API and a separate endpoint is verified.
LangSmith,LangSmith,startup,agent-observability,agent_product,"Observability, evaluation, and deployment platform for agents.",https://www.langchain.com/langsmith,product_or_platform,agent_product_found,2026-06-11,Broad agent-company sourcing row; not an Arbor invokability claim unless protocol_or_invocation names MCP/A2A/API and a separate endpoint is verified.
Arize AI,Phoenix,startup,agent-observability,agent_product,Open-source AI observability and evaluation for LLM agents.,https://phoenix.arize.com/,product_or_platform,agent_product_found,2026-06-11,Broad agent-company sourcing row; not an Arbor invokability claim unless protocol_or_invocation names MCP/A2A/API and a separate endpoint is verified.
Weights & Biases,W&B Weave,established,agent-observability,agent_product,Tracing and evaluation for LLM applications and agents.,https://wandb.ai/site/weave/,product_or_platform,agent_product_found,2026-06-11,Broad agent-company sourcing row; not an Arbor invokability claim unless protocol_or_invocation names MCP/A2A/API and a separate endpoint is verified.
